group_value,count,percentage
Benign,4148,70.06756756756756
Malignant,1772,29.93243243243243
