group_value,count,percentage
I,35,1.0641532380662815
II,217,6.5977500760109455
III,108,3.28367284889024
IV,13,0.3952569169960474
V,3,0.09121313469139557
