group_value,count,percentage
TBP tile: close-up,114,3.466099118273031
clinical: close-up,854,25.965339008817267
dermoscopic,2321,70.5685618729097
