group_value,count,percentage
I,136,2.2972972972972974
II,255,4.3074324324324325
III,160,2.7027027027027026
IV,119,2.010135135135135
V,114,1.9256756756756759
VI,109,1.8412162162162162
