group_value,count,percentage
TBP tile: close-up,58,0.9797297297297298
clinical: close-up,622,10.506756756756756
dermoscopic,5240,88.51351351351352
