fitzpatrick_skin_type,malignant_rate,mean_entropy,max_entropy,median_entropy
I,28.676470588235293,0.107571,0.693026,0.013907
II,51.37254901960784,0.190404,0.693138,0.059545
III,28.749999999999996,0.108414,0.687495,0.009422
IV,5.042016806722689,0.055394,0.619454,0.003673
V,2.631578947368421,0.006597,0.216883,0.000376
VI,0.0,0.009147,0.267569,0.00059
