skin_type,test_n,indet_n,test_h1_entropy,indet_h1_entropy,h1_entropy_ratio,test_h2_entropy,indet_h2_entropy,h2_entropy_ratio,test_h1_conf,indet_h1_conf,test_h2_conf,indet_h2_conf
ALL,893,376,0.09951832995205119,0.28349106286612785,2.8486316340187416,0.18005356831697666,0.5627010696443672,3.1251869924274747,0.9591707098669542,0.8722160907592016,0.9299079726627393,0.765345337346174
I,136,35,0.10757100972315672,0.29987765631682173,2.787718150908714,0.19126002929737349,0.5203611559434544,2.720699969853034,0.954835274689043,0.8640237144061498,0.9291335888477029,0.7847437110677168
II,255,217,0.19040385898341378,0.2823858807744287,1.483089062806377,0.3275471149628707,0.5915434428947877,1.8059797075661692,0.9192924170920769,0.8689799811402217,0.8683165351085389,0.7503541465535389
III,160,108,0.10841407383821655,0.28349861838312307,2.6149614007327178,0.21510733636152962,0.5360464389110229,2.491995149854363,0.9554398170170503,0.8787236493400036,0.9150217952707657,0.7830574196224439
IV,119,13,0.05539423241022274,0.29014464715888383,5.2378132981465235,0.10358413872666829,0.4661132921464566,4.499851983868002,0.9811318662614958,0.8727214656675538,0.9633112481054,0.7978706586243528
V,114,3,0.006596970401829532,0.1431514466938365,21.699573891393605,0.02375600641445761,0.3485154732659423,14.670625490900697,0.9987320238055252,0.9654103438059489,0.9919020908958298,0.8448157571109619
