accuracy,brier_score,cross_entropy,ece,mean_predictive_entropy,mean_expected_entropy,mean_mutual_information,mean_variance,std_predictive_entropy,std_mutual_information,std_variance,auroc_confidence,group_value,group_size
0.0625,0.2873620079251295,,0.6497114974076149,0.684783792383106,0.5037095300414066,0.18107426234169932,0.020223376822847253,0.3588972932918542,0.16704848575529208,0.020322315859187402,0.42928240740740736,contact non-polarized,384
0.11458333333333333,0.27556193776154686,,0.5844172382679366,0.7191723161929602,0.5359026064578324,0.18326970973512768,0.02071224474174123,0.3490827323904826,0.15488179689220422,0.01869914166559536,0.5278074866310161,contact polarized,192
0.011764705882352941,0.3099695411040115,,0.6969939445213906,0.695015409140384,0.5311861359596438,0.16382927318074036,0.018320811889213157,0.3523846151435936,0.13804828368528368,0.016193421822194243,0.0714285714285714,non-contact polarized,85
