accuracy,brier_score,cross_entropy,ece,mean_predictive_entropy,mean_expected_entropy,mean_mutual_information,mean_variance,std_predictive_entropy,std_mutual_information,std_variance,auroc_confidence,group_value,group_size
0.013356311934510987,0.35385936300830717,,0.8431452411672196,0.3288336897603666,0.18091214725715454,0.14792154250321202,0.01835201088464116,0.33215442019288915,0.18436256005839227,0.02484702486863247,0.34852091843921684,dermoscopic,2321
0.00468384074941452,0.35383794278446906,,0.8372030031059835,0.3609021859591732,0.20429728793089594,0.1566048980282773,0.019522763654850527,0.34685415958768956,0.1865906037363964,0.02521271786768273,0.3361764705882353,clinical: close-up,854
0.017543859649122806,0.3456559854878142,,0.824786569862453,0.36021899237510563,0.2116741480098881,0.1485448443652175,0.017591873863963846,0.38065147005861083,0.19482092503706028,0.024694174711950394,0.4732142857142857,TBP tile: close-up,114
