accuracy,brier_score,cross_entropy,ece,mean_predictive_entropy,mean_expected_entropy,mean_mutual_information,mean_variance,std_predictive_entropy,std_mutual_information,std_variance,auroc_confidence,group_value,group_size
0.0703125,0.3093731453146166,,0.7257780476938933,0.5013121552690384,0.5013121552690384,0.0,0.0,0.3462843409277239,0.0,0.0,0.6468513331258429,contact non-polarized,384
0.09895833333333333,0.3033381275435176,,0.6971910614520311,0.5314277173658266,0.5314277173658266,0.0,0.0,0.34500001593588225,0.0,0.0,0.5494371767569212,contact polarized,192
0.011764705882352941,0.3302174182104421,,0.7846069051938898,0.49810222033498913,0.49810222033498913,0.0,0.0,0.3408821900094692,0.0,0.0,0.8571428571428572,non-contact polarized,85
