accuracy,brier_score,cross_entropy,ece,mean_predictive_entropy,mean_expected_entropy,mean_mutual_information,mean_variance,std_predictive_entropy,std_mutual_information,std_variance,auroc_confidence,group_value,group_size
0.6728538283062645,0.08823773470241882,0.8452664663052556,0.09551567283832832,0.6179671303830485,0.6175225972827544,0.00044453310029415844,3.8870607425061414e-05,0.4718664957663675,0.0004569267610597137,5.4424022760241235e-05,0.7855710442651015,contact non-polarized,431
0.7958115183246073,0.05307185350138764,0.49678585286359606,0.0743727738632582,0.3887238473322775,0.3883039157755755,0.00041993155670195967,3.975759571453093e-05,0.42922809472869344,0.0006990590153993501,0.00010470191559142035,0.8910256410256412,non-contact polarized,191
0.8775252525252525,0.03769004724952518,0.3724945454827377,0.01996710888966166,0.32351679308985154,0.3231923550819457,0.00032443800790589493,2.774528281776812e-05,0.37806390038369403,0.00047289298121852157,5.479829438398703e-05,0.8439813097975228,contact polarized,792
