accuracy,brier_score,cross_entropy,ece,mean_predictive_entropy,mean_expected_entropy,mean_mutual_information,mean_variance,std_predictive_entropy,std_mutual_information,std_variance,auroc_confidence,group_value,group_size
0.059907834101382486,0.3074928443951976,,0.6904463109240034,0.5915434428947877,0.42073638258251916,0.1708070603122685,0.02015270097794344,0.36969252191706903,0.15543585089557502,0.020577926626088046,0.4230769230769231,II,217
0.07407407407407407,0.3117091042721702,,0.7204224269016306,0.5360464389110229,0.3824393410906314,0.15360709782039136,0.017215147114059227,0.35848257562513625,0.15516298390801467,0.019354779863614058,0.41125,III,108
0.05714285714285714,0.31948419273939394,,0.7276008594621504,0.5203611559434544,0.3686199827027102,0.15174117324074424,0.017919715402574397,0.31685149870737933,0.14244893238031103,0.01961517456312996,0.4848484848484848,I,35
0.0,0.3453698431147494,,0.7978706595416253,0.4661132921464566,0.32849681942758735,0.13761647271886918,0.016167370353923818,0.3895586597906558,0.1717791743456105,0.022861931580112994,,IV,13
0.0,0.35897257499650514,,0.8448157544752273,0.3485154732659423,0.17717602271623104,0.17133945054971125,0.024230876895721443,0.29815997319524296,0.2115497071199758,0.03344155505151561,,V,3
