accuracy,brier_score,cross_entropy,ece,mean_predictive_entropy,mean_expected_entropy,mean_mutual_information,mean_variance,std_predictive_entropy,std_mutual_information,std_variance,auroc_confidence,group_value,group_size
0.020833333333333332,0.35202553716128965,,0.8483064620363585,0.31009722329590783,0.17062143677503272,0.13947578652087508,0.017222851215025817,0.3170765520470098,0.1761509594087981,0.023979918802682142,0.40857712765957444,contact non-polarized,384
0.03125,0.33735567605947453,,0.8080008800052609,0.38864279919056427,0.21165683575082408,0.17698596343974013,0.02101716154519288,0.356184026950452,0.1905283134359108,0.024397749487078152,0.4390681003584229,contact polarized,192
0.023529411764705882,0.34470136066979784,,0.8064067461070525,0.369474518955186,0.21379268709897412,0.15568183185621193,0.01980685602065831,0.3484352051201371,0.17805337029522833,0.025117586659607272,0.41566265060240964,non-contact polarized,85
