accuracy,brier_score,cross_entropy,ece,mean_predictive_entropy,mean_expected_entropy,mean_mutual_information,mean_variance,std_predictive_entropy,std_mutual_information,std_variance,auroc_confidence
0.8866554054054054,0.03286421181867741,0.31844094362256176,0.01861153193316619,0.2355075205422883,0.17979916677127813,0.05570835377101018,0.006318179340145512,0.3181425844433403,0.10341423629797365,0.013258194124990538,0.8843707083231239
