accuracy,brier_score,cross_entropy,ece,mean_predictive_entropy,mean_expected_entropy,mean_mutual_information,mean_variance,std_predictive_entropy,std_mutual_information,std_variance,auroc_confidence,group_value,group_size
0.8055555555555556,0.14977528284675032,0.5769578660752025,0.09565479685476252,0.23203672994726915,0.23203672994726915,0.0,0.0,0.24057279435678122,0.0,0.0,0.7280406096911971,Melanoma,684
0.9241245136186771,0.0558306154103909,0.18648736852132528,0.03073283492881511,0.11074134597328814,0.11074134597328814,0.0,0.0,0.20105737170641147,0.0,0.0,0.9156334345479081,Benign,4112
0.631578947368421,0.29381721476398515,1.0251537084154152,0.29072986466824086,0.2589078698651605,0.2589078698651605,0.0,0.0,0.22955037667622333,0.0,0.0,0.6845238095238095,Other,38
0.9449101796407186,0.04225071774112819,0.15298887317509094,0.012991923974439372,0.14417495415288506,0.14417495415288506,0.0,0.0,0.19177862188853856,0.0,0.0,0.8868408001322533,Malignant_NonEpidermal,835
0.9083665338645418,0.0750943370054685,0.27159394535760406,0.04532158101790129,0.18761975898794817,0.18761975898794817,0.0,0.0,0.2225059124070536,0.0,0.0,0.8035850495804729,Malignant_Epidermal,251
