accuracy,brier_score,cross_entropy,ece,mean_predictive_entropy,mean_expected_entropy,mean_mutual_information,mean_variance,std_predictive_entropy,std_mutual_information,std_variance,auroc_confidence,group_value,group_size
0.328125,0.4641020115727243,1.3678318012813773,0.4419228451255243,0.48330779921915107,0.4832200390277619,8.776019138921657e-05,3.161192217405924e-05,0.17998811442697665,8.547709212016735e-05,3.739838339898307e-05,0.3504983388704319,contact non-polarized,384
0.3489583333333333,0.4653049782324173,1.4523323922497626,0.4351605704873994,0.459763425604409,0.4596641702997548,9.925530465422802e-05,3.781905235827091e-05,0.1970825139956968,0.00010826948588848472,5.3243727226024074e-05,0.35725373134328353,contact polarized,192
0.2235294117647059,0.5580461792926203,1.729122168441963,0.580889688085436,0.42922087240439494,0.42911448884452197,0.00010638355987288136,3.8702321865374105e-05,0.20067895328709237,0.00014568996558006388,6.733081676261028e-05,0.3197767145135566,non-contact polarized,85
