accuracy,brier_score,cross_entropy,ece,mean_predictive_entropy,mean_expected_entropy,mean_mutual_information,mean_variance,std_predictive_entropy,std_mutual_information,std_variance,auroc_confidence,group_value,group_size
0.6313148210103714,0.09954300370603394,0.9273125389732538,0.10860451336447789,0.6492033802256267,0.6487349887578521,0.00046839146777460125,4.621268322757948e-05,0.39406877353857916,0.0004821858239498568,6.774639031706377e-05,0.7177969044094805,histopathology,2989
0.9204693611473272,0.02136173480342078,,0.02368919405663644,0.17999995013671483,0.17983897482337585,0.00016097531333899675,1.7000862153381662e-05,0.35387903678514615,0.0004535450988873361,6.929607598588987e-05,0.9529327079366553,single image expert consensus,767
0.991166077738516,0.004787886648455632,,0.031005951920162197,0.12451496254045674,0.12430868614385746,0.00020627639659929385,1.409110469127776e-05,0.19551305931124907,0.0005379440116760866,7.725009842200477e-05,0.9675579322638146,serial imaging showing no change,566
0.5609756097560976,0.11650216079274746,,0.15232146469558153,0.7130858971940318,0.7124865633713191,0.0005993338227126057,6.780074211663044e-05,0.3376211956680065,0.0007026070150081977,0.00010354954867440842,0.6515700483091786,confocal microscopy with consensus dermoscopy,82
0.9198473282442748,0.021619194608506996,,0.02167512505450323,0.2281563341113948,0.22787006778625044,0.00028626632514437434,2.454072300741626e-05,0.3851716639448341,0.0005930330137019724,7.677573728314542e-05,0.9386978857933215,single contributor clinical assessment,524
