accuracy,brier_score,cross_entropy,ece,mean_predictive_entropy,mean_expected_entropy,mean_mutual_information,mean_variance,std_predictive_entropy,std_mutual_information,std_variance,auroc_confidence,group_value,group_size
0.8881679389312978,0.035050056794100413,0.3845614171789527,0.03859829506547191,0.19322080210934764,0.19322080210934764,1.7527103495730043e-18,7.987986191029466e-34,0.28314722741782405,5.053643065893005e-17,1.143253656498714e-33,0.8552384751786052,dermoscopic,5240
0.8102893890675241,0.05927338765376269,0.7877318010349063,0.101309836353359,0.26096985585604704,0.26096985585604704,-6.859928508415329e-19,7.029851648568474e-34,0.29417151287978166,4.9383023739391933e-17,1.0985487260057443e-33,0.7730612725316116,clinical: close-up,622
0.5172413793103449,0.15043776207564374,1.6003006246289602,0.30709269749941925,0.530954037155831,0.530954037155831,1.6210691792748784e-17,5.493950789117667e-34,0.32526185334229657,5.625902792293602e-17,9.87744104896705e-34,0.5809523809523809,TBP tile: close-up,58
