accuracy,brier_score,cross_entropy,ece,mean_predictive_entropy,mean_expected_entropy,mean_mutual_information,mean_variance,std_predictive_entropy,std_mutual_information,std_variance,auroc_confidence,group_value,group_size
0.8698561391769822,0.1063219067931601,0.5595738428345771,0.08052337628017611,0.12031470845037791,0.07357466477981957,0.04674004367055832,0.015001256205219726,0.20781405799714164,0.10231100202566366,0.03734525545237851,0.7883552501483093,histopathology,2989
0.9947848761408083,0.004544696668604243,0.02095872851761286,0.004319981979142441,0.011788663844926018,0.0062633641008349615,0.005525299744091055,0.0016455098390890134,0.06999465344807965,0.0418899884709168,0.01382419286134057,0.9790301441677588,single image expert consensus,767
1.0,0.0007690851023563282,0.003216917491828805,0.002691187926381182,0.006553402852527427,0.004885348005138015,0.001668054847389411,0.0004804863330383637,0.05287153888514332,0.01603205692583992,0.006082399429604517,,serial imaging showing no change,566
0.926829268292683,0.04689955160845236,0.139175476571387,0.04510006782365834,0.10097379082582071,0.05626049937668846,0.04471329144913225,0.013959913969122708,0.18768668758751103,0.09835944107130547,0.03511641004440199,0.956140350877193,confocal microscopy with consensus dermoscopy,82
1.0,0.0006715296599698664,0.0030773219607000534,0.002639298925583283,0.006929490982193574,0.004116761416738578,0.002812729565454997,0.0008638407799359712,0.05226738422377396,0.030261616874953486,0.011291867468260745,,single contributor clinical assessment,524
