accuracy,brier_score,cross_entropy,ece,mean_predictive_entropy,mean_expected_entropy,mean_mutual_information,mean_variance,std_predictive_entropy,std_mutual_information,std_variance,auroc_confidence,group_value,group_size
0.8854401805869074,0.08886705973550221,0.33493980845095994,0.04487900884153903,0.18422492526558243,0.18422492526558243,0.0,0.0,0.21985061815113655,0.0,0.0,0.793712540069763,Malignant,1772
0.9216489874638379,0.057821223781735966,0.19354713825597214,0.03236395856598757,0.11209067397155037,0.11209067397155037,0.0,0.0,0.20187170559942275,0.0,0.0,0.9132006680214894,Benign,4148
