accuracy,brier_score,cross_entropy,ece,mean_predictive_entropy,mean_expected_entropy,mean_mutual_information,mean_variance,std_predictive_entropy,std_mutual_information,std_variance,auroc_confidence,group_value,group_size
0.4921875,0.3582266940366785,1.2565409864806691,0.32677340184306064,0.37918200620162895,0.37918200620162895,4.464428303428736e-18,1.25533392928259e-33,0.24286077728102629,4.224915363725161e-17,2.433114277656287e-33,0.595305928639262,contact non-polarized,384
0.5052083333333334,0.36507321012207106,1.3983460014731044,0.30886017519684944,0.3883694863619736,0.38836948636197355,5.972429311090072e-18,1.0970496944774136e-33,0.2423535212571649,3.891085755647155e-17,2.3199589861391416e-33,0.5119913185024417,contact polarized,192
0.4470588235294118,0.41575793564567104,1.5216429475046436,0.3657502084518509,0.38970347604697775,0.38970347604697775,-3.622510788069215e-19,7.986944769370596e-34,0.2521257484061819,3.0646152649682824e-17,2.068223619984289e-33,0.48544232922732367,non-contact polarized,85
