accuracy,brier_score,cross_entropy,ece,mean_predictive_entropy,mean_expected_entropy,mean_mutual_information,mean_variance,std_predictive_entropy,std_mutual_information,std_variance,auroc_confidence,group_value,group_size
0.8797968397291196,0.09275649331537979,0.38766773094062695,0.040782730938169115,0.19335603433853052,0.19335603433853055,-1.5786485015620532e-17,2.1379940110101334e-33,0.22945888163617725,4.5808137754591177e-17,2.920190725513968e-33,0.7747532877401246,Malignant,1772
0.9218900675024108,0.054917081275842924,0.19344390161194308,0.030766027130961368,0.10823737780545171,0.10823737780545169,1.1900670395950216e-17,1.3142243789145312e-33,0.20217275284185457,4.1864278363469284e-17,2.51536506808957e-33,0.9190500865230642,Benign,4148
