accuracy,brier_score,cross_entropy,ece,mean_predictive_entropy,mean_expected_entropy,mean_mutual_information,mean_variance,std_predictive_entropy,std_mutual_information,std_variance,auroc_confidence,group_value,group_size
0.31797235023041476,0.6142488473956246,5.295303046036547,0.5948659177891479,0.19866782158412766,0.1159333926572318,0.08273442892689586,0.02765685124792734,0.250472240621343,0.1324829998062456,0.049242305437755894,0.331668625146886,II,217
0.3611111111111111,0.5723347010741899,3.7532602409944653,0.564576869365645,0.20749867951879886,0.1233353770247154,0.08416330249408342,0.02757680619776543,0.24023877123681686,0.12572143068570002,0.046753157576752365,0.43924191750278707,III,108
0.2857142857142857,0.5819637135702257,4.044142269183245,0.5906155728025702,0.2593150108149809,0.1375414463019109,0.12177356451306999,0.04223252722254732,0.27675346038461723,0.14751032994813626,0.05484468396780945,0.43599999999999994,I,35
0.46153846153846156,0.42773395486538557,2.978507413923118,0.4292972955295682,0.2720700946761391,0.12211604295109704,0.14995405172504198,0.050385714972862886,0.2527753459397621,0.1862280878242168,0.06765559205765453,0.4285714285714286,IV,13
0.0,0.9293970339714589,4.710438821680964,0.9628496289253234,0.12589461599509164,0.08016348244998568,0.04573113354510597,0.008738244561729785,0.14904390110415466,0.05841546676866554,0.012291151200235734,,V,3
