accuracy,brier_score,cross_entropy,ece,mean_predictive_entropy,mean_expected_entropy,mean_mutual_information,mean_variance,std_predictive_entropy,std_mutual_information,std_variance,auroc_confidence,group_value,group_size
0.9345419847328245,0.052764460526383256,0.26926878181174657,0.03765837528897675,0.06536000695517592,0.03942030940825338,0.025939697546922547,0.008261849208238217,0.1635305755831675,0.08014260876212113,0.0288301139573722,0.8875193415853462,dermoscopic,5240
0.8906752411575563,0.09078016646660457,0.46185078313455846,0.06635905212130591,0.1089193795139301,0.07232906985734802,0.0365903096565821,0.011654265062453118,0.19917767082493748,0.08897440306408286,0.0324257420617323,0.8007273306434487,clinical: close-up,622
0.6724137931034483,0.2693826273183216,1.6697358151799049,0.2896958338719281,0.18314173281813612,0.11002415839032377,0.07311757442781236,0.02354873017882527,0.23587239259583712,0.1211071572339252,0.04275110489511569,0.7152496626180836,TBP tile: close-up,58
