accuracy,brier_score,cross_entropy,ece,mean_predictive_entropy,mean_expected_entropy,mean_mutual_information,mean_variance,std_predictive_entropy,std_mutual_information,std_variance,auroc_confidence,group_value,group_size
0.07834101382488479,0.3213769026637753,,0.7556106477354437,0.4213837243782089,0.42138372437820887,1.0401096186966354e-17,6.430704143431159e-34,0.3634588933153075,5.4288207495779754e-17,1.0653324261523154e-33,0.3391176470588236,II,217
0.08333333333333333,0.3201648749765016,,0.7674745958858766,0.41011875230928624,0.41011875230928624,5.2605138047181516e-18,6.381477822813357e-34,0.3480567100998151,4.39679082905554e-17,1.0601444853274669e-33,0.27048260381593714,III,108
0.05714285714285714,0.3434127592181374,,0.8192803702965685,0.3499052186356362,0.3499052186356361,1.3902569571756982e-17,8.650743718830555e-34,0.2874600192250812,5.0597747404474963e-17,1.1602611505686389e-33,0.2727272727272727,I,35
0.0,0.3465990018607655,,0.872533897432648,0.3225758051969579,0.3225758051969579,-1.014146032109518e-17,1.0074213102334292e-33,0.2876874188127974,5.081674498040228e-17,1.16340719799456e-33,,IV,13
0.0,0.3765119033051784,,0.9514119240323763,0.18322577187318703,0.18322577187318703,0.0,8.217301096052206e-34,0.13900842613107878,0.0,1.162101865614033e-33,,V,3
