accuracy,brier_score,cross_entropy,ece,mean_predictive_entropy,mean_expected_entropy,mean_mutual_information,mean_variance,std_predictive_entropy,std_mutual_information,std_variance,auroc_confidence,group_value,group_size
0.877030162412993,0.08729198739327511,0.30114306974744365,0.04796619240205206,0.17340032135402517,0.17340032135402517,7.989309822318439e-18,1.237453222631783e-33,0.23456419609692838,4.272250623727552e-17,2.4615820203198533e-33,0.8675751222921033,contact non-polarized,431
0.9528795811518325,0.043178755543839334,0.14912709051935724,0.030688270885920712,0.09499063453653256,0.09499063453653256,9.086044231794628e-18,1.3330337652338972e-33,0.1872579936079368,4.1740839970988036e-17,2.5277630428001446e-33,0.8913308913308914,non-contact polarized,191
0.952020202020202,0.034555607507924274,0.15240283905591945,0.023665308713641708,0.07468642991138297,0.07468642991138297,6.243235928466185e-18,1.3528369948137178e-33,0.1693514411673272,4.2873128170356924e-17,2.544739360504487e-33,0.9166201312299316,contact polarized,792
