accuracy,brier_score,cross_entropy,ece,mean_predictive_entropy,mean_expected_entropy,mean_mutual_information,mean_variance,std_predictive_entropy,std_mutual_information,std_variance,auroc_confidence,group_value,group_size
0.5182291666666666,0.37057295076702995,1.2861410658063648,0.3127327607905386,0.3709545605804472,0.3709545605804472,0.0,0.0,0.2314203683821231,0.0,0.0,0.5037892163520303,contact non-polarized,384
0.53125,0.35271894648186825,1.2418706533706438,0.28987453964368726,0.40164677005685506,0.40164677005685506,0.0,0.0,0.21860224368779668,0.0,0.0,0.4888888888888889,contact polarized,192
0.4823529411764706,0.3780125203399019,1.2597180297629231,0.3690769101219142,0.39611576918560704,0.39611576918560704,0.0,0.0,0.20997913330112136,0.0,0.0,0.5138580931263859,non-contact polarized,85
