accuracy,brier_score,cross_entropy,ece,mean_predictive_entropy,mean_expected_entropy,mean_mutual_information,mean_variance,std_predictive_entropy,std_mutual_information,std_variance,auroc_confidence,group_value,group_size
0.773473282442748,0.0618062518021695,0.5742871748225599,0.053934132601809785,0.4357563119154402,0.4353943913405307,0.000361920574909461,3.499174015640836e-05,0.4208239619854681,0.0005128022388487686,7.194200713852164e-05,0.8385923165072062,dermoscopic,5240
0.7009646302250804,0.08057531166939878,0.7494175345825073,0.08452277726874094,0.5825177281682332,0.582148167573215,0.0003695605950184095,3.4485013535995003e-05,0.4372312012276782,0.0004121603609437166,5.153064298576353e-05,0.7810619512676334,clinical: close-up,622
0.4482758620689655,0.13140264871779916,1.2444157464412509,0.16977844433537842,0.9856092070441819,0.9850783965961356,0.0005308104480461228,4.9385045748481225e-05,0.3763528861131276,0.0004118080731038579,5.419984070050962e-05,0.6899038461538461,TBP tile: close-up,58
