accuracy,brier_score,cross_entropy,ece,mean_predictive_entropy,mean_expected_entropy,mean_mutual_information,mean_variance,std_predictive_entropy,std_mutual_information,std_variance,auroc_confidence,group_value,group_size
0.8477751756440282,0.11546008857085682,0.40826750070576673,0.06426943301224203,0.22044594773037263,0.22044594773037263,0.0,0.0,0.2359250916031547,0.0,0.0,0.7857888756862711,histopathology,2989
0.9908735332464146,0.007913761159436436,0.033040275419500505,0.00774981054566211,0.023437415671802,0.023437415671802,0.0,0.0,0.08577123154269069,0.0,0.0,0.9624060150375939,single image expert consensus,767
0.9946996466431095,0.0027134116102181366,0.008911153451889668,0.0061164857675685,0.013677196393729149,0.013677196393729149,0.0,0.0,0.06006360032040448,0.0,0.0,1.0,serial imaging showing no change,566
0.8780487804878049,0.08447379133383731,0.2992945864818246,0.08607699067283642,0.22101000721910516,0.22101000721910516,0.0,0.0,0.21125651159375847,0.0,0.0,0.8166666666666667,confocal microscopy with consensus dermoscopy,82
0.9904580152671756,0.006334760254682836,0.02054176190547621,0.005723119196006522,0.020860641481710535,0.020860641481710535,0.0,0.0,0.08920781924103015,0.0,0.0,0.9930635838150289,single contributor clinical assessment,524
