accuracy,brier_score,cross_entropy,ece,mean_predictive_entropy,mean_expected_entropy,mean_mutual_information,mean_variance,std_predictive_entropy,std_mutual_information,std_variance,auroc_confidence,group_value,group_size
0.7872460496613995,0.06948479451527045,,0.1401809808795229,0.1751201916427326,0.09998339329345113,0.07513679834928146,0.009306820867248914,0.2747261731383225,0.14395998747225755,0.019409512990677752,0.7791506231995665,Malignant,1772
0.950337512054002,0.01589026352250405,,0.025213157487101335,0.06179944924568683,0.03514637354073475,0.02665307570495208,0.0032586043415045464,0.17290975303181977,0.0900586755748206,0.012145039163020562,0.9190335101692995,Benign,4148
