accuracy,brier_score,cross_entropy,ece,mean_predictive_entropy,mean_expected_entropy,mean_mutual_information,mean_variance,std_predictive_entropy,std_mutual_information,std_variance,auroc_confidence,group_value,group_size
0.5045004500450045,0.4229278967933635,2.735595684286554,0.3908004055255106,0.22646643350322443,0.13284266579788317,0.09362376770534128,0.031704674195488954,0.25696488941195617,0.13716918835241015,0.05178199384469026,0.5112974094590839,histopathology,2222
0.3274336283185841,0.5742288583460778,3.504482430481734,0.5548414620779464,0.2542432494677299,0.1595682940028539,0.09467495546487596,0.03199358622373349,0.2589247568183929,0.1279767128918573,0.04892001534207646,0.40156472261735415,single image expert consensus,565
0.19858156028368795,0.7076367404411167,4.271370750282405,0.693991655628603,0.25289178800124507,0.16612477059287176,0.08676701740837336,0.02972407465212646,0.2688718788701947,0.12187607844546411,0.0464953800428294,0.21080910240202277,confocal microscopy with consensus dermoscopy,141
0.5833333333333334,0.31525311789112515,1.4516353932963302,0.3343092721875107,0.2694345775887844,0.1746011983633441,0.09483337922544029,0.03285693057786154,0.2753758187423745,0.13171847675567483,0.04993845078551361,0.6607142857142858,single contributor clinical assessment,48
