accuracy,brier_score,cross_entropy,ece,mean_predictive_entropy,mean_expected_entropy,mean_mutual_information,mean_variance,std_predictive_entropy,std_mutual_information,std_variance,auroc_confidence,group_value,group_size
0.9747899159663865,0.008645791151264189,,0.021040963877712524,0.01723546119051284,0.007495223950045343,0.0097402372404675,0.0012754219898325576,0.09232731062567491,0.05735047925639741,0.007903617362532667,0.8477011494252873,IV,119
0.9912280701754386,0.0032980632816883406,,0.0071793925343898455,0.007752238598434981,0.006210499416286856,0.0015417391821481259,8.377227718005282e-05,0.04582070328433427,0.009158591941952501,0.0006524259499714598,0.9911504424778761,V,114
1.0,0.00039828904767190296,,0.003210764467169445,0.0074737610338344316,0.003268290005864752,0.00420547102796968,0.0005421212654562589,0.0698568599668474,0.042391186345078394,0.005631645234685343,,VI,109
0.8602941176470589,0.04756474319639341,0.8698590391164271,0.11561374142509206,0.09615522142338911,0.05802749156325474,0.03812772986013439,0.00476836445413782,0.21875935475864733,0.10200138095951576,0.0141570525018873,0.9113810166441745,I,136
0.8,0.06866921148686882,1.228405125743061,0.15723819559390362,0.15010628371056098,0.08072146093825897,0.069384822772302,0.008712455144233189,0.25536573959874964,0.14749665110622776,0.020034250304349122,0.7619665513264129,II,255
0.89375,0.032531119463500104,0.476985446770842,0.07623926771349945,0.1078914952036834,0.05872166922532248,0.049169825978360934,0.005882481442615046,0.21900251088459538,0.10673090313453551,0.014243885720244995,0.9025092554504319,III,160
