accuracy,brier_score,cross_entropy,ece,mean_predictive_entropy,mean_expected_entropy,mean_mutual_information,mean_variance,std_predictive_entropy,std_mutual_information,std_variance,auroc_confidence,group_value,group_size
0.802609568417531,0.05732624254902839,0.5599489354834032,0.041287654281197135,0.3836560927030206,0.29230314211966474,0.09135295058335582,0.010482401099133487,0.34232621438412486,0.12333368253427196,0.016005984054310345,0.7897524392225574,histopathology,2989
0.984354628422425,0.004718209920694262,,0.014259603479742887,0.05482357493604713,0.04204621116648356,0.01277736376956357,0.0012278343374763877,0.16240910664764527,0.05102607945871624,0.005845934529822561,0.9725165562913908,single image expert consensus,767
0.9982332155477032,0.0010635907181547346,,0.007992006553988514,0.02816513691551113,0.022702205960982852,0.005462930954528273,0.0004990933608891596,0.09706308925943974,0.024613950751094633,0.003327063270950966,0.9946902654867257,serial imaging showing no change,566
0.8536585365853658,0.03819552093211805,,0.058516151662461706,0.3315044057760026,0.2670590869000142,0.06444531887598846,0.006905147004518253,0.27451941855451395,0.0797801897051399,0.011816984459622442,0.8869047619047619,confocal microscopy with consensus dermoscopy,82
0.9923664122137404,0.0030650379070961877,,0.010013533609584738,0.040116816918791966,0.029918943837582375,0.010197873081209593,0.001024025810670814,0.1297217576902942,0.04797220258952844,0.006138055043525199,0.9846153846153847,single contributor clinical assessment,524
