accuracy,brier_score,cross_entropy,ece,mean_predictive_entropy,mean_expected_entropy,mean_mutual_information,mean_variance,std_predictive_entropy,std_mutual_information,std_variance,auroc_confidence,group_value,group_size
0.04006893580353296,0.3053471385106029,,0.681965333864444,0.6621552114743094,0.48488265954353665,0.1772725519307729,0.020361655447092838,0.3453692207059418,0.15285748887172063,0.019329873993385323,0.4036263778691531,dermoscopic,2321
0.01053864168618267,0.32277995387928615,,0.742452111843602,0.6025415793845695,0.43489592784030157,0.16764565154426803,0.019555082287746522,0.3579498609283586,0.1503665713543856,0.01998594962404946,0.43076923076923074,clinical: close-up,854
0.02631578947368421,0.29543538797841395,,0.6553901421363677,0.7801416030146722,0.6619549835484342,0.11818661946623803,0.012650801874347653,0.32708949142452765,0.10266145292199456,0.012165545630363778,0.2732732732732733,TBP tile: close-up,114
