accuracy,brier_score,cross_entropy,ece,mean_predictive_entropy,mean_expected_entropy,mean_mutual_information,mean_variance,std_predictive_entropy,std_mutual_information,std_variance,auroc_confidence,group_value,group_size
0.7470760233918129,0.08272705281535724,,0.18571973898422867,0.16146666077937938,0.0935787276237053,0.06788793315567407,0.008527479388125907,0.26088157473112156,0.13672990004297195,0.01858107535580718,0.7657828354241372,Melanoma,684
0.956955252918288,0.01355615082966156,,0.020377435789274492,0.05965404827567178,0.03392011168678478,0.025733936588887004,0.0031487601795519835,0.169113070570038,0.08865379078009133,0.01199432723631093,0.9326707298688434,Benign,4112
0.18421052631578946,0.2886736033440386,,0.71857215928551,0.2908616805548179,0.1661388070008581,0.12472287355395975,0.014973396280399945,0.34066903102281204,0.15868144668759895,0.019885553881128632,0.4792626728110599,Other,38
0.8682634730538922,0.042785232334677695,,0.07057181819916997,0.16011649568124445,0.09303043989230404,0.06708605578894042,0.008185749635119942,0.2629928322263943,0.13513236100728757,0.01832057254258411,0.8172539184952978,Malignant_NonEpidermal,835
0.6334661354581673,0.11958727772352194,,0.25611162978277136,0.263611294121319,0.14134139217602873,0.12226990194529022,0.015234221599799622,0.3285553394691742,0.17886018020335012,0.023675243267883124,0.7595023243095433,Malignant_Epidermal,251
