accuracy,brier_score,cross_entropy,ece,mean_predictive_entropy,mean_expected_entropy,mean_mutual_information,mean_variance,std_predictive_entropy,std_mutual_information,std_variance,auroc_confidence,group_value,group_size
0.03134796238244514,0.36216555639003467,,0.8798730798322579,0.20787721353438884,0.200425916663983,0.007451296870405831,0.000996459322044869,0.2812668682903978,0.01479713692317805,0.002446070438625611,0.5343446601941747,Anonymous,638
0.017721518987341773,0.36754743597668504,,0.900944998943353,0.20396287941093566,0.19710759799126168,0.006855281419673953,0.0008400994228183873,0.26887475452776516,0.01384031262750295,0.00215882279369457,0.45544918998527245,MILK Study,395
0.008166969147005444,0.3733691643136814,,0.9106093759383134,0.19879450595005638,0.19231949176781346,0.006475014182242876,0.0008243741413895551,0.2674139613975867,0.01299100919822558,0.0020449562177341746,0.27457558198637794,Hospital Clínic Barcelona,1102
0.00410958904109589,0.3758458321859122,,0.920542829657254,0.18860234047639113,0.18187164863421515,0.006730691842175966,0.0008242200911811963,0.26897726652793585,0.013908988421225161,0.0020735528406470036,0.6983035304906006,Federal University of Espírito Santo,730
0.0,0.3727488249282623,,0.9147543532233084,0.2029920036135346,0.19790702129113236,0.0050849823224022594,0.0006163482953893669,0.306732639289146,0.009657648253941283,0.0014578867366888486,,University of Queensland,62
0.017241379310344827,0.36450924316583716,,0.8806488566357515,0.23669531590069615,0.23096710658968794,0.005728209311008161,0.0007468833786910679,0.2802584445120638,0.007886305037393567,0.0013725734968150455,0.5614035087719298,Imperial College London,58
0.021739130434782608,0.3496959168056688,,0.8407076777323432,0.30007830607323227,0.287999103369191,0.012079202704041362,0.0017052844671175036,0.32454064744575073,0.020750370507667034,0.0031028997242398787,0.5333333333333333,Hospital Italiano Buenos Aires,46
0.07086614173228346,0.348458551039175,,0.8475438809770299,0.20502120627531914,0.19826966825616105,0.006751538019158079,0.0008195598608001677,0.27485180684750415,0.01402342126687337,0.0021644597345862803,0.350517890772128,Memorial Sloan Kettering,254
0.0,0.3394457455125456,,0.7653165191411972,0.5115535617996811,0.5023769634148472,0.009176598384833914,0.0011765702011587418,0.481134982379146,0.009012629773600242,0.001176007171500148,,University Hospital Basel,2
