accuracy,brier_score,cross_entropy,ece,mean_predictive_entropy,mean_expected_entropy,mean_mutual_information,mean_variance,std_predictive_entropy,std_mutual_information,std_variance,auroc_confidence,group_value,group_size
0.03192459714198845,0.3095300770220611,,0.6967498083360769,0.6507658550836021,0.4780409374584029,0.17272491762519915,0.01988496016421819,0.34989547384390507,0.15115925549934833,0.019352598512364542,0.3954414931801866,Other,3289
