accuracy,brier_score,cross_entropy,ece,mean_predictive_entropy,mean_expected_entropy,mean_mutual_information,mean_variance,std_predictive_entropy,std_mutual_information,std_variance,auroc_confidence,group_value,group_size
0.7923976608187134,0.06623246851705904,,0.10146484529084185,0.2839826782461919,0.2839826782461919,2.6855265500362453e-18,7.364195811505958e-34,0.299096711813837,4.6775062745327515e-17,1.1154754374362182e-33,0.7284054882802349,Melanoma,684
0.9015077821011673,0.030194349208714114,,0.031196960275884842,0.17624311594582884,0.17624311594582884,1.168303462137238e-18,7.976143241984022e-34,0.27537355600426755,5.167489103691061e-17,1.1426267156076215e-33,0.8805749549567552,Benign,4112
0.39473684210526316,0.21653802116113002,,0.5103102065759858,0.40258010046996573,0.4025801004699658,-7.686422770199865e-18,7.859081978667672e-34,0.3291569791428142,4.3644949991553723e-17,1.1412850919835914e-33,0.40579710144927533,Other,38
0.8826347305389222,0.03712262125025116,,0.04315791821194429,0.24375161463334816,0.24375161463334816,3.0615894293328006e-18,7.978574512248267e-34,0.2963039094849776,4.95252551726879e-17,1.1407898603232114e-33,0.8357378229446459,Malignant_NonEpidermal,835
0.7450199203187251,0.08194314327541977,,0.163647612426573,0.2701557801758296,0.2701557801758296,3.157082461195741e-18,6.98206666592737e-34,0.32798221839368175,4.4378590332802877e-17,1.1010497313611084e-33,0.7804979946524064,Malignant_Epidermal,251
