accuracy,brier_score,cross_entropy,ece,mean_predictive_entropy,mean_expected_entropy,mean_mutual_information,mean_variance,std_predictive_entropy,std_mutual_information,std_variance,auroc_confidence,group_value,group_size
0.9831932773109243,0.017774278576230245,0.10892950236743194,0.026161256897641497,0.04381332557789894,0.04381332557789894,0.0,0.0,0.1336506829344246,0.0,0.0,0.7350427350427351,IV,119
1.0,3.3531539291357313e-05,0.0009682824235279429,0.000951003603644085,0.004520932958185641,0.004520932958185641,0.0,0.0,0.023641631631045573,0.0,0.0,,V,114
1.0,5.6414628397186275e-05,0.000965086091713506,0.00093537654205517,0.00394358148283033,0.00394358148283033,0.0,0.0,0.026786682250179016,0.0,0.0,,VI,109
0.9264705882352942,0.05151191401729743,0.1876553528077291,0.055225431756241374,0.07782175075016685,0.07782175075016685,0.0,0.0,0.15252510675514958,0.0,0.0,0.9253968253968254,I,136
0.9098039215686274,0.07534286904334163,0.2921264181668847,0.054741321400992554,0.16113479033299977,0.16113479033299977,0.0,0.0,0.2220070530329716,0.0,0.0,0.7977886056971515,II,255
0.95625,0.033801143004131576,0.11742303186238975,0.024174802720886967,0.10643881692878658,0.10643881692878658,0.0,0.0,0.20034357743193146,0.0,0.0,0.9243697478991596,III,160
