accuracy,brier_score,cross_entropy,ece,mean_predictive_entropy,mean_expected_entropy,mean_mutual_information,mean_variance,std_predictive_entropy,std_mutual_information,std_variance,auroc_confidence,group_value,group_size
0.8459367945823928,0.04508857512759079,,0.032296473168446624,0.3175917394628312,0.23865722096782743,0.07893451849500378,0.008776950332195655,0.32933910669356475,0.11810734499665343,0.015200692643682713,0.8285144919567868,Malignant,1772
0.9040501446480231,0.027642039257589048,,0.015052879519190869,0.20044164881441895,0.15465536926976287,0.0457862795446561,0.005267807547013195,0.3066101333742517,0.09473730592515009,0.012185153149714481,0.90625594639866,Benign,4148
