accuracy,brier_score,cross_entropy,ece,mean_predictive_entropy,mean_expected_entropy,mean_mutual_information,mean_variance,std_predictive_entropy,std_mutual_information,std_variance,auroc_confidence,group_value,group_size
0.04566996984058595,0.32119577959116224,,0.7497454542222702,0.502378801832674,0.502378801832674,1.0402236087596444e-18,5.389162286724379e-34,0.34567815516671657,4.833296232952961e-17,9.832733401106505e-34,0.40810511520933607,dermoscopic,2321
0.0468384074941452,0.32825798736508965,,0.7774108813502976,0.4649945136914617,0.4649945136914617,5.664018068838514e-18,6.434342514776551e-34,0.3661763125201296,5.267375647391419e-17,1.0587638737842293e-33,0.2743857493857494,clinical: close-up,854
0.06140350877192982,0.3002176586662961,,0.6834861846398093,0.6359505055745972,0.6359505055745972,-1.947759692324836e-18,4.757276460077682e-34,0.34479720033758154,5.724547830673554e-17,9.29806471008587e-34,0.25233644859813087,TBP tile: close-up,114
