accuracy,brier_score,cross_entropy,ece,mean_predictive_entropy,mean_expected_entropy,mean_mutual_information,mean_variance,std_predictive_entropy,std_mutual_information,std_variance,auroc_confidence,group_value,group_size
0.013501350135013501,0.3533296204428557,,0.8429266321426285,0.32946293308868113,0.1803624342993463,0.14910049878933482,0.018518238054498336,0.33570785634458344,0.1859269672118777,0.024959027422628736,0.3579759732360097,histopathology,2222
0.005309734513274336,0.35301917094678203,,0.8338158575564161,0.36809585978009873,0.2102546891846606,0.15784117059543815,0.019653858368810548,0.3445437545452802,0.18476218861723032,0.0252273571190743,0.48991696322657174,single image expert consensus,565
0.0,0.358928838423935,,0.8491064814222828,0.33543471239323025,0.19876231019786744,0.13667240219536275,0.017167021849044874,0.3213432192807366,0.1688446090605727,0.022921305852331816,,confocal microscopy with consensus dermoscopy,141
0.041666666666666664,0.33801417868814787,,0.7894645672850553,0.3909647670799143,0.24235095622596514,0.1486138108539491,0.01812466908051365,0.34263015758937526,0.15425369642304923,0.02100814510813556,0.21739130434782605,single contributor clinical assessment,48
