accuracy,brier_score,cross_entropy,ece,mean_predictive_entropy,mean_expected_entropy,mean_mutual_information,mean_variance,std_predictive_entropy,std_mutual_information,std_variance,auroc_confidence,group_value,group_size
0.8982824427480917,0.02938595025908615,0.28288109514764903,0.014193986536246312,0.22000885505517587,0.1679932944557194,0.052015560599456466,0.005896762755498777,0.309650906976485,0.09887399970766916,0.012727913681075323,0.8939051693796831,dermoscopic,5240
0.8215434083601286,0.05295541474489471,0.5312826273403387,0.058433981422111064,0.3229010725761843,0.24094943038642117,0.08195164218976307,0.009417584631511036,0.34008384220837473,0.1313031244933577,0.01673673312856357,0.8152800550060825,clinical: close-up,622
0.5344827586206896,0.13164632133852255,1.248545749417144,0.22828008058914465,0.6985112754972183,0.5906148040972935,0.10789647139992484,0.011152538173240977,0.3316357544212903,0.11013075606861635,0.01262334930577762,0.5997610513739545,TBP tile: close-up,58
