accuracy,brier_score,cross_entropy,ece,mean_predictive_entropy,mean_expected_entropy,mean_mutual_information,mean_variance,std_predictive_entropy,std_mutual_information,std_variance,auroc_confidence,group_value,group_size
0.8137697516930023,0.06732185756221473,,0.15406963987355846,0.08358348200347755,0.08103696431093946,0.0025465176925380936,0.000302572073956735,0.1907428340008717,0.00832855398650955,0.0012698232209958195,0.801841928298239,Malignant,1772
0.940212150433944,0.020539612075342165,,0.04523027923493397,0.035352763290332864,0.034123342302035196,0.0012294209882976763,0.00016096984843743387,0.1277318904201307,0.006729327030226005,0.0010650747608759571,0.9088285773366418,Benign,4148
