accuracy,brier_score,cross_entropy,ece,mean_predictive_entropy,mean_expected_entropy,mean_mutual_information,mean_variance,std_predictive_entropy,std_mutual_information,std_variance,auroc_confidence,group_value,group_size
0.8695215791234526,0.11394320646834792,0.7082146952897805,0.10334228517675795,0.0662624594238999,0.06453169310492804,0.001730766318971853,0.0005553035297417199,0.15925420277186847,0.006377183902571032,0.0025721713033512073,0.816156608557532,histopathology,2989
0.9882659713168188,0.011306080334545837,0.057090568924804005,0.011818881473566039,0.004798367785684428,0.004626378730160129,0.00017198905552429767,5.0710528689380395e-05,0.04044412957364726,0.002169714078348615,0.0009579694798717267,0.9843154500146585,single image expert consensus,767
0.9929328621908127,0.005805942648260853,0.020211079701383413,0.00560997264354144,0.007754308129857372,0.007594427124051958,0.00015988100580541486,4.826269446971866e-05,0.057871953860007486,0.0013112371911399672,0.0005365772872243427,0.9915480427046264,serial imaging showing no change,566
0.9634146341463414,0.03388798041354219,0.15390996634192294,0.03073992675916646,0.03418352435467757,0.03377020671057946,0.0004133176440981236,0.00012273785003528545,0.11804059247817357,0.0016306594980262312,0.0005829321592781799,0.9324894514767932,confocal microscopy with consensus dermoscopy,82
0.9923664122137404,0.004580790262034147,0.012519915450951763,0.0056099047599816034,0.00898351511026564,0.008664348086694022,0.00031916702357161897,9.182792642561392e-05,0.061180380670549754,0.00295704994434617,0.0009223652571879059,0.9985576923076923,single contributor clinical assessment,524
