accuracy,brier_score,cross_entropy,ece,mean_predictive_entropy,mean_expected_entropy,mean_mutual_information,mean_variance,std_predictive_entropy,std_mutual_information,std_variance,auroc_confidence,group_value,group_size
0.8837471783295711,0.08074686303040196,0.26712350890704695,0.01816805622327035,0.2861919084028963,0.2861222212874305,6.968711546586574e-05,2.069031846487658e-05,0.22225747871117882,9.872659783841421e-05,4.1595996795450255e-05,0.8572145965852025,Malignant,1772
0.8611378977820636,0.09872598072741465,0.3121641752461108,0.0291971126845546,0.24232767567368724,0.24227306141641658,5.461425727070167e-05,1.7956902856055464e-05,0.2558868621393385,8.914685154817581e-05,3.818307010063937e-05,0.8402928448114968,Benign,4148
