accuracy,brier_score,cross_entropy,ece,mean_predictive_entropy,mean_expected_entropy,mean_mutual_information,mean_variance,std_predictive_entropy,std_mutual_information,std_variance,auroc_confidence
0.9092905405405406,0.06624333771740701,0.25157981809343427,0.03295766696141644,0.13371546215960978,0.13371546215960975,3.613231309919242e-18,1.5607986674404448e-33,0.21428639392929671,4.490978120533629e-17,2.6698374293270826e-33,0.8787153570918309
