accuracy,brier_score,cross_entropy,ece,mean_predictive_entropy,mean_expected_entropy,mean_mutual_information,mean_variance,std_predictive_entropy,std_mutual_information,std_variance,auroc_confidence,group_value,group_size
0.916412213740458,0.02710272991059733,0.42422645891368777,0.047935313928131405,0.08615590586471963,0.04846890963536801,0.03768699622935163,0.00464510978689388,0.20577817234034784,0.10759866815232028,0.014447032686936243,0.8864961136817042,dermoscopic,5240
0.8054662379421221,0.06298506898111356,0.9854778137797728,0.12774853334438643,0.16047447188024466,0.0966917729364892,0.06378269894375545,0.007815454059307742,0.2584719415913443,0.1293132648580405,0.0176622459786552,0.7988650797578397,clinical: close-up,622
0.5862068965517241,0.135256057493507,2.8527730458346396,0.32780449971203407,0.26525908312738017,0.1523855363299737,0.11287354679740645,0.01391016684676879,0.3081049564002241,0.16285025952039167,0.02155282888764554,0.6556372549019608,TBP tile: close-up,58
