accuracy,brier_score,cross_entropy,ece,mean_predictive_entropy,mean_expected_entropy,mean_mutual_information,mean_variance,std_predictive_entropy,std_mutual_information,std_variance,auroc_confidence,group_value,group_size
0.045454545454545456,0.2940954338214051,,0.6651340341140838,0.686560459995612,0.5117763537063201,0.17478410628929186,0.019741367417695277,0.34964593707576186,0.1576061250485043,0.019321694093237748,0.41979502859407736,Anonymous,638
0.027848101265822784,0.30470028435949414,,0.6902609693564987,0.6796149076633127,0.47126838284503964,0.20834652481827312,0.023669902793142114,0.375486046968613,0.1697535808266644,0.021216819481695237,0.3551136363636364,MILK Study,395
0.004537205081669692,0.3243426289998693,,0.7311290027903671,0.6371030380414752,0.4647302022365395,0.1723728358049357,0.01993405102013531,0.3383278070257063,0.1483036682577869,0.019187182859462536,0.17593436645396535,Hospital Clínic Barcelona,1102
0.0027397260273972603,0.3292899137846272,,0.7599826058275028,0.579881503679615,0.4200648699462242,0.15981663373339078,0.01879655035850642,0.3470532868166013,0.1442669919579528,0.01958301477486469,0.6291208791208791,Federal University of Espírito Santo,730
0.0,0.30007704662173523,,0.6939953402345701,0.7802363219092404,0.6541161166570661,0.12612020525217427,0.013102512348352538,0.3319173957380611,0.09949284911951979,0.01210355091451668,,University of Queensland,62
0.017241379310344827,0.31034841381516587,,0.6633705171900961,0.7002419737814198,0.5288151025050559,0.17142687127636397,0.020881624892039007,0.315139593323335,0.11621099445854605,0.016397117667978297,0.368421052631579,Imperial College London,58
0.06521739130434782,0.3025899099222235,,0.6575055313359885,0.682837762465686,0.47728934582891147,0.20554841663677437,0.022303515185924695,0.39786304825312935,0.19005208042593577,0.021946639772080688,0.3488372093023256,Hospital Italiano Buenos Aires,46
0.2125984251968504,0.238952750107115,,0.4740615458809771,0.7234469182714856,0.5660776305450491,0.15736928772643635,0.018405439312630754,0.32345143814279287,0.13372730457027548,0.016912598547221533,0.48833333333333334,Memorial Sloan Kettering,254
0.0,0.23075132264351367,,0.5105004474520684,1.247432701551622,1.1135229020906172,0.13390979946100467,0.011059047985364407,0.07514009920636988,0.03528428933805061,0.0019077755784129126,,University Hospital Basel,2
