accuracy,brier_score,cross_entropy,ece,mean_predictive_entropy,mean_expected_entropy,mean_mutual_information,mean_variance,std_predictive_entropy,std_mutual_information,std_variance,auroc_confidence,group_value,group_size
0.8481941309255079,0.12261223655284548,0.6733877933520845,0.09731306474998896,0.12630803047778574,0.07868213316227353,0.047625897315512214,0.015361155883882493,0.21205566396261488,0.10215126128958354,0.03748943957604542,0.7727098467253845,Malignant,1772
0.9611861137897783,0.03165533893763181,0.14509187831817455,0.02250610575991359,0.0475020928157189,0.02856985630993449,0.0189322365057844,0.005951519007749802,0.14096811381596822,0.06961525016425592,0.024717025379374702,0.9265189505644897,Benign,4148
