accuracy,brier_score,cross_entropy,ece,mean_predictive_entropy,mean_expected_entropy,mean_mutual_information,mean_variance,std_predictive_entropy,std_mutual_information,std_variance,auroc_confidence,group_value,group_size
0.7781866845098695,0.06821707707871819,0.7452077349482363,0.10575071864600322,0.2872413891967567,0.2872413891967567,0.0,0.0,0.31142996626807995,0.0,0.0,0.7659671183772139,histopathology,2989
0.9804432855280313,0.006380803987351517,,0.014753920003053032,0.03955380629790985,0.03955380629790985,0.0,0.0,0.13039622867706008,0.0,0.0,0.9515070921985815,single image expert consensus,767
0.9929328621908127,0.0020232651645425066,,0.006086523351736704,0.023231150568312833,0.023231150568312833,0.0,0.0,0.08542210533625895,0.0,0.0,0.9902135231316725,serial imaging showing no change,566
0.8902439024390244,0.04193960196191097,,0.10693999906865562,0.29587189479358883,0.29587189479358883,0.0,0.0,0.2638365129445661,0.0,0.0,0.6712328767123288,confocal microscopy with consensus dermoscopy,82
0.9751908396946565,0.0057066438952519324,,0.014843570025822645,0.03177789426933292,0.03177789426933292,0.0,0.0,0.1179362364864735,0.0,0.0,0.9945807617040494,single contributor clinical assessment,524
