accuracy,brier_score,cross_entropy,ece,mean_predictive_entropy,mean_expected_entropy,mean_mutual_information,mean_variance,std_predictive_entropy,std_mutual_information,std_variance,auroc_confidence,group_value,group_size
0.05535553555355536,0.3194780369203564,,0.7476964277781584,0.48669329913354836,0.48669329913354836,1.1040933422369577e-18,5.6730525303011235e-34,0.34804757784858026,4.99761649688252e-17,1.0054362143281407e-33,0.37705914934328,histopathology,2222
0.02654867256637168,0.3314744985731161,,0.7893265138858288,0.4947552344180124,0.4947552344180124,7.000392993397965e-18,6.138751855136669e-34,0.3726093743685971,5.1326085661175826e-17,1.0411558859846992e-33,0.24218181818181816,single image expert consensus,565
0.0,0.32530082457338644,,0.73356370740638,0.645396538826423,0.645396538826423,4.971182301502685e-19,3.4773400374129297e-34,0.32990677805217183,4.762820578991403e-17,7.9964362904331e-34,,confocal microscopy with consensus dermoscopy,141
0.25,0.25113921615874507,,0.5314031238001626,0.5241582071647675,0.5241582071647675,-3.2887465898726967e-18,4.859291497837787e-34,0.3526044125346262,5.113296635995344e-17,9.032812504095624e-34,0.35185185185185186,single contributor clinical assessment,48
