accuracy,brier_score,cross_entropy,ece,mean_predictive_entropy,mean_expected_entropy,mean_mutual_information,mean_variance,std_predictive_entropy,std_mutual_information,std_variance,auroc_confidence,group_value,group_size
0.9158396946564885,0.029570035486057085,0.5779290500922718,0.06629186412703439,0.044236433866588265,0.042720082032150136,0.001516351834438134,0.00019045986344561877,0.14155999474066888,0.007152367967905316,0.0011219480324870656,0.8823188787913583,dermoscopic,5240
0.8215434083601286,0.0647248215173028,1.2990627257992504,0.14624602130563308,0.08158652750612122,0.07944586296779808,0.002140664538323137,0.0002618521166373357,0.18743678892542942,0.007663004879328657,0.0011204966408415215,0.8024188572133777,clinical: close-up,622
0.5517241379310345,0.16011754410452356,3.1111611719194783,0.40596053574619617,0.2104734253229838,0.20469944850671745,0.005773976816266359,0.0007410162994197397,0.31864493503717756,0.011060800218150238,0.001814444654667571,0.7500000000000001,TBP tile: close-up,58
