accuracy,brier_score,cross_entropy,ece,mean_predictive_entropy,mean_expected_entropy,mean_mutual_information,mean_variance,std_predictive_entropy,std_mutual_information,std_variance,auroc_confidence
0.33900881726968685,0.5213023467969693,2.1832346089915866,0.5070636463341358,0.3366559140489441,0.3366559140489441,-3.30752330440998e-18,1.4789383945582888e-33,0.2448845046987221,4.300779473834267e-17,2.602997808097798e-33,0.42339965594201345
