accuracy,brier_score,cross_entropy,ece,mean_predictive_entropy,mean_expected_entropy,mean_mutual_information,mean_variance,std_predictive_entropy,std_mutual_information,std_variance,auroc_confidence,group_value,group_size
0.8099415204678363,0.05448853184902951,,0.054175056134876866,0.339357278869234,0.2650231407421143,0.07433413812711971,0.00877137603506965,0.3168168504535948,0.10256053975095862,0.013943149784379787,0.8030824770896973,Melanoma,684
0.9083171206225681,0.026107470247034126,,0.012029357895677205,0.1969045552323661,0.15243822392067516,0.04446633131169091,0.005125292958937722,0.30344191597560793,0.09240413322386298,0.011952136577515331,0.911467621147721,Benign,4112
0.39473684210526316,0.21193730463923965,,0.49654069309180104,0.5843984670659687,0.39613112807247947,0.18826733899348905,0.020465574238074852,0.3866017196201068,0.18780766669003698,0.02273912971283311,0.3507246376811594,Other,38
0.9161676646706587,0.025694658058148946,,0.02769828173254544,0.27801438330616823,0.2089029842382887,0.06911139906787948,0.007138436707871391,0.3220290669425047,0.11144812445879873,0.013854150745420938,0.8733146591970121,Malignant_NonEpidermal,835
0.7171314741035857,0.08136814131945921,,0.13148246430190996,0.39069107545475745,0.266224253190513,0.12446682226424444,0.014304818192838319,0.3678342993119421,0.16133555898093996,0.02056596107686808,0.7902190923317685,Malignant_Epidermal,251
