accuracy,brier_score,cross_entropy,ece,mean_predictive_entropy,mean_expected_entropy,mean_mutual_information,mean_variance,std_predictive_entropy,std_mutual_information,std_variance,auroc_confidence,group_value,group_size
0.8419864559819413,0.05105583755702353,,0.0732869175231215,0.23221364515582504,0.23221364515582504,0.0,0.0,0.2916141520678934,0.0,0.0,0.791075019149751,Malignant,1772
0.8816297010607522,0.035065556041023044,,0.05478223681219981,0.15407117484046015,0.15407117484046015,0.0,0.0,0.26581863224480384,0.0,0.0,0.896857963440368,Benign,4148
