accuracy,brier_score,cross_entropy,ece,mean_predictive_entropy,mean_expected_entropy,mean_mutual_information,mean_variance,std_predictive_entropy,std_mutual_information,std_variance,auroc_confidence,group_value,group_size
0.9747899159663865,0.0205767661893343,0.19407953022157126,0.02286107229533407,0.010823234336072275,0.006220808156652452,0.004602426179419825,0.0013493281968005874,0.06611196175683272,0.031551008748718905,0.011096611797980509,0.8103448275862069,IV,119
1.0,0.0007553538349552604,0.003255436297379525,0.00278296492298577,0.006570657469518973,0.003768453683357986,0.002802203786160987,0.0009159898726054529,0.05681678507240236,0.026830174760753774,0.009664290874153277,,V,114
1.0,0.001303200194453593,0.004424883209910721,0.003542883551329274,0.006698905638383104,0.0013702552726034233,0.005328650365779676,0.0019487018882700287,0.06317752037495522,0.05438127720359548,0.02024618434747678,,VI,109
0.9044117647058824,0.08414997948870853,0.4217080441725775,0.08755685282255084,0.05816459402548935,0.038084663660081744,0.020079930365407603,0.00651232367901509,0.16174243670956748,0.07241162214961591,0.026126496913903455,0.8980612883051907,I,136
0.8901960784313725,0.09278030969490975,0.5840626508233847,0.08270561668825585,0.08531250272382296,0.04925134290731401,0.03606115981650893,0.011333718900623522,0.17557096756635227,0.09173312205405716,0.033486103759106274,0.778005034612964,II,255
0.9375,0.04371753134217281,0.2107832838161861,0.03731444106440163,0.06058631953702422,0.0350155906820134,0.02557072885501082,0.008310704397523733,0.16463999635675544,0.07939215807492793,0.028730707889110325,0.9246666666666667,III,160
