accuracy,brier_score,cross_entropy,ece,mean_predictive_entropy,mean_expected_entropy,mean_mutual_information,mean_variance,std_predictive_entropy,std_mutual_information,std_variance,auroc_confidence,group_value,group_size
0.9290076335877863,0.05347279801730384,0.17950361899639225,0.010919369208285037,0.15436564662264435,0.1286932039282838,0.02567244269436053,0.008293002927648374,0.22378317454494132,0.053754198888500304,0.02096417277606171,0.8934637880916407,dermoscopic,5240
0.9147909967845659,0.06336958060261211,0.22064932345708746,0.025534871179583585,0.17981417527823246,0.1542551230108034,0.025559052267429036,0.007929619385431238,0.2137717581998716,0.052175705763475154,0.01998202109645397,0.8565507179096064,clinical: close-up,622
0.7241379310344828,0.20453201425715786,0.5932682648254776,0.15526261009563946,0.41627631326558084,0.383911850920824,0.03236446234475685,0.010982276957110097,0.21023594138725174,0.03048683535777627,0.013173899271452873,0.6413690476190477,TBP tile: close-up,58
