accuracy,brier_score,cross_entropy,ece,mean_predictive_entropy,mean_expected_entropy,mean_mutual_information,mean_variance,std_predictive_entropy,std_mutual_information,std_variance,auroc_confidence,group_value,group_size
0.7616959064327485,0.1795282890917574,0.775124476237059,0.11936691589174186,0.26022991152719277,0.2602299115271928,-9.637399701701554e-18,1.7528069945714608e-33,0.25336357591028297,4.4808068331437606e-17,2.75315120460736e-33,0.6970196530975117,Melanoma,684
0.9241245136186771,0.0532110393141178,0.1880137708187081,0.029202424194045114,0.10670822338228785,0.10670822338228782,1.1890954224178469e-17,1.3107409890530174e-33,0.20117496022353096,4.1774109250590526e-17,2.5128333917382096e-33,0.9205600539811066,Benign,4112
0.6578947368421053,0.260697611153944,0.8536994003873527,0.26443781111993153,0.2786476270660661,0.2786476270660661,1.0134481729809096e-17,1.7841776993028136e-33,0.23121129024118892,5.210940668805108e-17,2.79526940033449e-33,0.6953846153846153,Other,38
0.9652694610778443,0.027693109705844213,0.1070646441169057,0.02395473127058168,0.1345930277762652,0.1345930277762652,-2.1737454709896084e-17,2.4864101557478325e-33,0.19288829351446937,4.705082324190566e-17,3.018365908248985e-33,0.9070334559767264,Malignant_NonEpidermal,835
0.9203187250996016,0.06983729107731158,0.25583745302039446,0.036652270896059734,0.206534955898926,0.206534955898926,-1.2540353155799221e-17,2.0210754874565653e-33,0.2216981058954354,4.156508009519692e-17,2.886841422570465e-33,0.7783549783549782,Malignant_Epidermal,251
