accuracy,brier_score,cross_entropy,ece,mean_predictive_entropy,mean_expected_entropy,mean_mutual_information,mean_variance,std_predictive_entropy,std_mutual_information,std_variance,auroc_confidence,group_value,group_size
0.5372684187850064,0.41236369408768647,3.1537198920891147,0.3970424180272046,0.15570307762283114,0.15128765053305915,0.004415427089771991,0.0014441157808280933,0.22022841320444175,0.009375345775542849,0.0038525757766255716,0.5519556059309568,dermoscopic,2321
0.24824355971896955,0.7095134382072574,7.555071723819515,0.7057538261072754,0.11095746120042026,0.10773540731124086,0.0032220538891793897,0.0010367258680205247,0.19333187850963246,0.008387503730535715,0.003472595773916612,0.3003365073767119,clinical: close-up,854
0.7192982456140351,0.22969863069193683,1.1655375831292862,0.22337442181305583,0.16279411989830883,0.15851046270937383,0.004283657188935021,0.0014876146233940533,0.2283918724814004,0.012288102332401359,0.004959169055251765,0.7400914634146342,TBP tile: close-up,114
