accuracy,brier_score,cross_entropy,ece,mean_predictive_entropy,mean_expected_entropy,mean_mutual_information,mean_variance,std_predictive_entropy,std_mutual_information,std_variance,auroc_confidence,group_value,group_size
0.5182291666666666,0.3462059168131753,1.0751731130175546,0.29098378288008103,0.4338477905368457,0.3703912573582455,0.06345653317860016,0.02259456772693268,0.21035920042383896,0.05997380330745833,0.025450185583751818,0.5146271900040744,contact non-polarized,384
0.5208333333333334,0.3469009030621752,1.158529134529073,0.26639155360461053,0.44538434093601537,0.3819364017611094,0.06344793917490602,0.023525619364949766,0.2165831250369425,0.06197203786764832,0.026492750564584958,0.47586956521739127,contact polarized,192
0.43529411764705883,0.3977631645500751,1.2682146161681014,0.36645247034904865,0.43679397028450495,0.3824262088539645,0.05436776143054061,0.020371111235422047,0.22055236487206772,0.05093441852671394,0.0228491552402724,0.49380630630630634,non-contact polarized,85
