accuracy,brier_score,cross_entropy,ece,mean_predictive_entropy,mean_expected_entropy,mean_mutual_information,mean_variance,std_predictive_entropy,std_mutual_information,std_variance,auroc_confidence,group_value,group_size
0.06583072100313479,0.31049250110345156,,0.729165430247902,0.504416910616827,0.504416910616827,-1.2656955769078427e-18,5.440322223072112e-34,0.3417501180500968,4.8109447870985736e-17,9.841837533537489e-34,0.4508229466283158,Anonymous,638
0.08354430379746836,0.31195157687423664,,0.7232061527700189,0.48268380207149947,0.48268380207149947,3.048949775515664e-18,5.643384918973236e-34,0.35280129880961575,5.0482878744012375e-17,1.0007703848670283e-33,0.33274736313410347,MILK Study,395
0.006352087114337568,0.3367459712437148,,0.787754442723115,0.5064550032295991,0.5064550032295991,1.273544012861943e-18,5.372356646225819e-34,0.3504290947581427,4.8888894176838387e-17,9.861959699622727e-34,0.562426614481409,Hospital Clínic Barcelona,1102
0.02054794520547945,0.3391700547016423,,0.8118114413163178,0.4482002950300712,0.4482002950300711,7.078816784879005e-18,6.71478290406506e-34,0.36566212376935503,5.1664802751356336e-17,1.0755206776143425e-33,0.1599067599067599,Federal University of Espírito Santo,730
0.04838709677419355,0.3161026939248872,,0.7513001458031896,0.5821050988894786,0.5821050988894786,-8.953411488912552e-18,7.093932984010627e-34,0.33537419210518116,6.952743429408021e-17,1.0877376475239656e-33,0.062146892655367214,University of Queensland,62
0.017241379310344827,0.32769468121558193,,0.7752577164533059,0.5092920828740047,0.5092920828740047,3.334856337438172e-18,5.223002607920002e-34,0.3171557494439123,3.917418171442811e-17,9.597709542311017e-34,0.1578947368421053,Imperial College London,58
0.10869565217391304,0.3107325861176841,,0.7213684668734415,0.4399488343124295,0.4399488343124295,-3.318601432303457e-18,4.509477428883223e-34,0.3597751508354343,4.8931645311639526e-17,9.289261661622491e-34,0.3463414634146341,Hospital Italiano Buenos Aires,46
0.18110236220472442,0.26083707664720074,,0.5729465444785243,0.5848564113030262,0.5848564113030262,2.2674338347413382e-18,4.218431211351014e-34,0.3317796661519095,4.7796020893192706e-17,8.730935216132868e-34,0.4264214046822743,Memorial Sloan Kettering,254
0.5,0.17855401207772298,,0.5482544365200981,0.8162460162735574,0.8162460162735574,0.0,8.185202263645753e-35,0.19810082759366515,0.0,7.222237291452136e-35,0.0,University Hospital Basel,2
