accuracy,brier_score,cross_entropy,ece,mean_predictive_entropy,mean_expected_entropy,mean_mutual_information,mean_variance,std_predictive_entropy,std_mutual_information,std_variance,auroc_confidence,group_value,group_size
0.827313769751693,0.0551035243032226,,0.07672274055687497,0.2628834359548609,0.2628834359548609,2.879508072590815e-18,7.605175955906363e-34,0.3025346312170942,4.7786273783382524e-17,1.1263497592824607e-33,0.7744641057878359,Malignant,1772
0.8972999035679846,0.03172909591533351,,0.03365129096029061,0.17834284933424965,0.17834284933424963,1.1078222029622987e-18,7.972973172205099e-34,0.27680857073035,5.160974195784161e-17,1.1425298728660388e-33,0.8752652039768614,Benign,4148
