accuracy,brier_score,cross_entropy,ece,mean_predictive_entropy,mean_expected_entropy,mean_mutual_information,mean_variance,std_predictive_entropy,std_mutual_information,std_variance,auroc_confidence,group_value,group_size
0.43204320432043203,0.4552566874587476,1.7570027881875527,0.41166193087084857,0.3472135052887167,0.3472135052887167,0.0,0.0,0.23634011312125935,0.0,0.0,0.416773969889065,histopathology,2222
0.2513274336283186,0.6138762275597512,2.4613145560847163,0.6189749470167212,0.305052471424732,0.305052471424732,0.0,0.0,0.2317097642478025,0.0,0.0,0.3629840508773683,single image expert consensus,565
0.20567375886524822,0.5702237746426229,1.9410108166690032,0.6012752433142341,0.4106443492502502,0.4106443492502502,0.0,0.0,0.2216699136820042,0.0,0.0,0.34975369458128075,confocal microscopy with consensus dermoscopy,141
0.3541666666666667,0.46002658065866925,1.4738937072857627,0.5091761200504455,0.3941506271322523,0.3941506271322523,0.0,0.0,0.21283584631483657,0.0,0.0,0.555977229601518,single contributor clinical assessment,48
