accuracy,brier_score,cross_entropy,ece,mean_predictive_entropy,mean_expected_entropy,mean_mutual_information,mean_variance,std_predictive_entropy,std_mutual_information,std_variance,auroc_confidence,group_value,group_size
0.2672811059907834,0.6494052303011668,2.861307831331747,0.6246576363404079,0.28238588077442867,0.23013777847267283,0.05224810230175582,0.018127911671362497,0.2495016347465815,0.07492777507194291,0.03081112249771252,0.18965517241379307,II,217
0.3055555555555556,0.602276734653443,2.5507303211075834,0.5731680937844481,0.28349861838312307,0.23035207408506692,0.053146544298056174,0.017852246758446814,0.23481476229677184,0.07822931945901491,0.03145263217072145,0.27151515151515154,III,108
0.22857142857142856,0.6849027679170666,3.0175894789970235,0.7156763424511466,0.29987765631682173,0.2533314257740782,0.046546230542743525,0.0161013875599002,0.24328514229475598,0.062143079333645566,0.02694486308995342,0.11111111111111112,I,35
0.23076923076923078,0.606461199489479,2.217070427889764,0.641952234898323,0.2901446471588839,0.22003610936637805,0.07010853779250582,0.02344387347604654,0.2338798322279186,0.10074453168662173,0.04370533042948284,0.6333333333333333,IV,13
0.0,0.9325118903956614,3.578383522947577,0.9654103438059489,0.14315144669383642,0.12956686593909755,0.013584580754738876,0.0009981560789194088,0.07205122721491157,0.0034924110736437477,0.0007983226068847055,,V,3
