accuracy,brier_score,cross_entropy,ece,mean_predictive_entropy,mean_expected_entropy,mean_mutual_information,mean_variance,std_predictive_entropy,std_mutual_information,std_variance,auroc_confidence,group_value,group_size
0.9747899159663865,0.007111247617983972,,0.030172631132001495,0.10358413865379192,0.07260426190775578,0.03097987674603612,0.0032601710731199884,0.23963633298409695,0.08609409965498101,0.010316950004295057,0.9798850574712644,IV,119
0.9824561403508771,0.0044255425120517606,,0.013843022450281886,0.02375600637656833,0.015628730677413463,0.00812727569915487,0.0009098374138527663,0.09689339305854998,0.0448056329823659,0.006459443392231145,0.9910714285714286,V,114
1.0,0.000202648745360626,,0.004490164564837034,0.016514560840370153,0.009699989409739897,0.006814571430630259,0.0006706486719103247,0.0644910264570305,0.04677279485327845,0.00594128076006622,,VI,109
0.8897058823529411,0.03153054887804195,0.30501596219682153,0.061739810032989145,0.1912600292973735,0.14575197852993302,0.04550805076744049,0.004679247500097124,0.29277841283591377,0.09712543238373164,0.011948207176485145,0.9201101928374655,I,136
0.807843137254902,0.059183133034157814,0.6098399504066222,0.08361829111265814,0.3275471148367963,0.23885555907150416,0.08869155576529224,0.010209627696418925,0.33304553901338985,0.1321569177061264,0.017177071331084495,0.7654547255795522,II,255
0.91875,0.023291228611238477,0.22404014023313518,0.046573195999808366,0.21510733620940464,0.16697788214155657,0.048129454067848104,0.005317545466717101,0.3354946498852886,0.09111314613701443,0.011998057198520616,0.9110413396127681,III,160
