accuracy,brier_score,cross_entropy,ece,mean_predictive_entropy,mean_expected_entropy,mean_mutual_information,mean_variance,std_predictive_entropy,std_mutual_information,std_variance,auroc_confidence,group_value,group_size
0.7573099415204678,0.08933489099624124,,0.21302934824897524,0.08594318928188324,0.08342582021144997,0.0025173690704332857,0.000296924133825349,0.18650374103258266,0.008238612953099503,0.0012645287802564764,0.7653044610875936,Melanoma,684
0.9472276264591439,0.017901193997103892,,0.038788496107153014,0.03456928685611106,0.03338337998860456,0.0011859068675065048,0.00015587657700805448,0.12627304761116004,0.006540209940110682,0.0010478352179785523,0.9242855368160765,Benign,4112
0.13157894736842105,0.3241680059079251,,0.8109782066784406,0.1323840261438291,0.12612669789104772,0.006257328252781391,0.0007584045561775187,0.2295819759035641,0.017137861458120525,0.0021804279522504052,0.6878787878787879,Other,38
0.895808383233533,0.03559278035541893,,0.07928408073094079,0.06855632368623579,0.06650630858036694,0.002050015105868865,0.00025176466361093755,0.17497397095343692,0.007377942204294219,0.0011728841597341783,0.8703669555596534,Malignant_NonEpidermal,835
0.701195219123506,0.11051598211142478,,0.25413271347840005,0.12567338623846122,0.12143355739277617,0.004239828845685065,0.0004811043303835573,0.23839764269685246,0.010924967395215972,0.0015479315336217067,0.772310606060606,Malignant_Epidermal,251
