accuracy,brier_score,cross_entropy,ece,mean_predictive_entropy,mean_expected_entropy,mean_mutual_information,mean_variance,std_predictive_entropy,std_mutual_information,std_variance,auroc_confidence,group_value,group_size
0.8114035087719298,0.1428317704216406,0.47685066574653523,0.078969636078013,0.29049873879546595,0.24606557089311387,0.0444331679023521,0.01488702490641325,0.2491515443393371,0.06269560332848388,0.02521310633112468,0.7381521055939662,Melanoma,684
0.9382295719844358,0.04520955925512868,0.1498621128770933,0.008483085752776558,0.1334628974341559,0.11166615045928316,0.02179674697487274,0.007073731095310855,0.21637843699166945,0.05042395986217906,0.019638528600535877,0.9170779196923868,Benign,4112
0.6578947368421053,0.2539283225470287,0.7887939948754753,0.19870737774587816,0.33122669241026476,0.27182322885832394,0.059403463551940976,0.019812347455951406,0.2295960926179219,0.0860085754840858,0.03237839051456193,0.6584615384615384,Other,38
0.9652694610778443,0.026707220454281467,0.10144228939151934,0.02860444741008762,0.15256597482028975,0.12803086847719022,0.024535106343099508,0.007267720476704103,0.19410487507261404,0.05040409667421247,0.019115846309172704,0.9327030033370411,Malignant_NonEpidermal,835
0.9362549800796812,0.06345718570043278,0.21982093674445005,0.04694384297488656,0.2286241299730714,0.19064081034184194,0.037983319631229445,0.011686085899797274,0.22126898105437007,0.061837506169167646,0.024572590330163263,0.7784574468085106,Malignant_Epidermal,251
