accuracy,brier_score,cross_entropy,ece,mean_predictive_entropy,mean_expected_entropy,mean_mutual_information,mean_variance,std_predictive_entropy,std_mutual_information,std_variance,auroc_confidence,group_value,group_size
0.0423042304230423,0.30355643284371164,,0.6800360175126148,0.6612351374779102,0.48353300850741926,0.17770212897049106,0.02036819099108823,0.3528569391150927,0.15694574572515863,0.01973531319595627,0.41550351943689007,histopathology,2222
0.008849557522123894,0.3231939328734027,,0.7393842415419519,0.6164172523465943,0.45088983631074137,0.16552741603585305,0.019452603117837308,0.34464479576591883,0.1418799506535559,0.019343679020425095,0.46,single image expert consensus,565
0.0,0.32190540453034105,,0.726250843556948,0.6659976785877416,0.5124346591958039,0.1535630193919377,0.018441650499863307,0.28891680458461305,0.12138191135719859,0.016755993260652798,,confocal microscopy with consensus dermoscopy,141
0.0625,0.27287860593863444,,0.6402876670714855,0.8025571536054051,0.5544946615829035,0.24806249202250183,0.02663288857161712,0.3626683782553593,0.16988867383820785,0.021027509514467777,0.14814814814814817,single contributor clinical assessment,48
