accuracy,brier_score,cross_entropy,ece,mean_predictive_entropy,mean_expected_entropy,mean_mutual_information,mean_variance,std_predictive_entropy,std_mutual_information,std_variance,auroc_confidence
0.20674977196716326,0.5840123570614315,1.8476253764061992,0.6007242441969516,0.4195338436522031,0.41944497703447986,8.88666177231799e-05,3.0456722340948908e-05,0.20661440755345242,9.995539568603183e-05,4.388475687241137e-05,0.26716231145582037
