accuracy,brier_score,cross_entropy,ece,mean_predictive_entropy,mean_expected_entropy,mean_mutual_information,mean_variance,std_predictive_entropy,std_mutual_information,std_variance,auroc_confidence,group_value,group_size
0.9747899159663865,0.022290087928828847,0.10208432297807822,0.02270422361647081,0.012552470348627614,0.011896284416875262,0.0006561859317523559,0.00015437657028173182,0.06168425374213569,0.004141063706247008,0.0011839778609630178,0.9741379310344828,IV,119
1.0,1.8055717088884606e-08,3.067377568643379e-05,3.066474254409535e-05,0.00027465104835175695,0.00027284897653808956,1.8020718136674122e-06,1.3131525334459007e-09,0.0010620559236189818,5.93373285778521e-06,7.048079868927259e-09,,V,114
0.9908256880733946,0.004807758037367344,0.011840849217076553,0.006674682727746969,0.0056735380485866994,0.0055316380324964805,0.00014190001609022196,5.366805089141189e-05,0.0561731062134519,0.001452791413610032,0.0005576930102600199,1.0,VI,109
0.9191176470588235,0.06509532495832553,0.2558220449615457,0.06851991694205006,0.04498092971302928,0.043855159413175825,0.0011257702998534402,0.00034730007224151825,0.13795292961977101,0.0044078211803059274,0.0014606974402217154,0.9621818181818181,I,136
0.8745098039215686,0.11766565736341954,0.8208708044196571,0.11692472471698309,0.04512204891240872,0.043754734873795505,0.0013673140386132117,0.00047297702388869573,0.1378799563924514,0.0063787213106070466,0.0024004782201827216,0.8026905829596414,II,255
0.95625,0.040478073184714705,0.26650408313508445,0.043030405246146985,0.027202922570503163,0.026864254699054152,0.0003386678714490089,7.659167996122609e-05,0.09974640362234369,0.0012866305268924292,0.0003782428320446625,0.8702147525676938,III,160
