accuracy,brier_score,cross_entropy,ece,mean_predictive_entropy,mean_expected_entropy,mean_mutual_information,mean_variance,std_predictive_entropy,std_mutual_information,std_variance,auroc_confidence,group_value,group_size
0.8434258949481432,0.11546818107534244,0.44409517862791065,0.06237193317377004,0.21694376102677487,0.21694376102677487,-1.2959617144556377e-18,1.8291602930966225e-33,0.24123372493983586,4.8400112050123774e-17,2.7980565553896392e-33,0.7861993443112048,histopathology,2989
0.9908735332464146,0.007375426833562147,0.0272851735772063,0.006732696926841616,0.02313635082796901,0.023136350827969006,7.370431140058249e-18,1.229445986433569e-33,0.08409554485860125,3.81884670820291e-17,2.4628232679263828e-33,0.9778195488721805,single image expert consensus,767
0.9964664310954063,0.0024811700402137134,0.0089799151893046,0.005694435096957429,0.015214290823804379,0.015214290823804374,6.318962415764032e-18,1.2957927224761389e-33,0.07624520155200122,4.029717420656976e-17,2.5113993231247473e-33,0.9973404255319149,serial imaging showing no change,566
0.8658536585365854,0.0979982281395641,0.4170252979477104,0.08936169053773259,0.21016313830374397,0.21016313830374392,1.6308121597218726e-17,1.7474305538029973e-33,0.24496739127200323,4.304206250561313e-17,2.762065116476013e-33,0.7733674775928298,confocal microscopy with consensus dermoscopy,82
0.9961832061068703,0.004215969812466449,0.01770073669438411,0.006217642039795233,0.028977727344521347,0.028977727344521333,1.1148973230764575e-17,9.44097785591077e-34,0.09640595611327105,3.692602436067507e-17,2.216354361054271e-33,0.9770114942528736,single contributor clinical assessment,524
