accuracy,brier_score,cross_entropy,ece,mean_predictive_entropy,mean_expected_entropy,mean_mutual_information,mean_variance,std_predictive_entropy,std_mutual_information,std_variance,auroc_confidence
0.762668918918919,0.06446012785935246,0.5992531445733321,0.05665674294521272,0.45656324921724833,0.4561988712597122,0.00036437795753609825,3.507951511695619e-05,0.42780470342295,0.0005025436052644727,6.993553221943974e-05,0.8328294376593639
