accuracy,brier_score,cross_entropy,ece,mean_predictive_entropy,mean_expected_entropy,mean_mutual_information,mean_variance,std_predictive_entropy,std_mutual_information,std_variance,auroc_confidence,group_value,group_size
0.8422273781902552,0.05176821707700408,0.598319167380882,0.08597737207794118,0.2592941526975491,0.259294152697549,1.2056482235493716e-18,7.88972650514839e-34,0.30928252471180206,4.928731059629667e-17,1.1370688540020382e-33,0.7595608491330416,contact non-polarized,431
0.9476439790575916,0.018017342263386825,0.20291207686608653,0.04570941667092526,0.1990652739805965,0.1990652739805965,4.514481611401684e-18,9.473366021562705e-34,0.2706482522629863,4.587371085657991e-17,1.1953046082782781e-33,0.796685082872928,non-contact polarized,191
0.9255050505050505,0.024961984602480124,0.3199766680021339,0.03838868745805675,0.1293078796956119,0.1293078796956119,2.520179023355882e-18,8.42469127518506e-34,0.2395522013717149,5.127295747169487e-17,1.1655172907130544e-33,0.8702106504497422,contact polarized,792
