accuracy,brier_score,cross_entropy,ece,mean_predictive_entropy,mean_expected_entropy,mean_mutual_information,mean_variance,std_predictive_entropy,std_mutual_information,std_variance,auroc_confidence,group_value,group_size
0.04136148211977596,0.326669888424074,,0.7581989408207063,0.4930818944380033,0.4930818944380033,0.0,0.0,0.34984915211747636,0.0,0.0,0.5098829588014981,dermoscopic,2321
0.01639344262295082,0.3403891440655799,,0.8012623552416192,0.4680842346611245,0.4680842346611245,0.0,0.0,0.3467725265561838,0.0,0.0,0.3954931972789116,clinical: close-up,854
0.02631578947368421,0.3282900745205057,,0.7696345989641391,0.5401146937442055,0.5401146937442055,0.0,0.0,0.3395345065503818,0.0,0.0,0.3303303303303303,TBP tile: close-up,114
