accuracy,brier_score,cross_entropy,ece,mean_predictive_entropy,mean_expected_entropy,mean_mutual_information,mean_variance,std_predictive_entropy,std_mutual_information,std_variance,auroc_confidence,group_value,group_size
0.77046783625731,0.15794006441920255,0.491050056344572,0.0547698299913825,0.39196914252217674,0.39187064841903135,9.849410314537131e-05,3.318082558771206e-05,0.22876658024432864,0.00011682001840338596,4.949822437465357e-05,0.7378503486868344,Melanoma,684
0.8635700389105059,0.09685240644231527,0.30604345401203176,0.027555135942952655,0.24047707630587611,0.24042266502057283,5.441128530330245e-05,1.7897099248100262e-05,0.25571673895022484,8.933858040820166e-05,3.8262463457935075e-05,0.84343894491823,Benign,4112
0.5789473684210527,0.30865067741208796,0.9926768390002979,0.24997720726226508,0.46333224827702324,0.4632535198983804,7.87283786428734e-05,2.564683080640828e-05,0.17452654443578153,5.864757092081273e-05,2.6641769506295294e-05,0.4715909090909091,Other,38
0.9616766467065868,0.02958790281315606,0.11859014805403162,0.04472778592994822,0.2119510125451848,0.21190078412459112,5.022842059367928e-05,1.2768988050694154e-05,0.18860024525321337,8.379097766263014e-05,3.543942002199762e-05,0.9393290784557907,Malignant_NonEpidermal,835
0.9362549800796812,0.039346953796846704,0.14791411059707205,0.06315889093742906,0.2421231403175276,0.24206742746309884,5.571285442876349e-05,1.2841577543915915e-05,0.18984529275350542,6.728199342674113e-05,2.5666861320340756e-05,0.9513297872340425,Malignant_Epidermal,251
