accuracy,brier_score,cross_entropy,ece,mean_predictive_entropy,mean_expected_entropy,mean_mutual_information,mean_variance,std_predictive_entropy,std_mutual_information,std_variance,auroc_confidence,group_value,group_size
0.6041666666666666,0.33205805717490605,1.698220502373119,0.2937361380386728,0.22352044622636935,0.13443300243337145,0.08908744379299789,0.02978020554829783,0.25130058348260903,0.13269241211921792,0.0505331377475074,0.5994498638838475,contact non-polarized,384
0.5729166666666666,0.3589192974991315,2.1333807472084447,0.3255530730472936,0.22495394310994987,0.1410963605826334,0.0838575825273165,0.027468788109526004,0.25083534353445136,0.12033149906731401,0.04500794288838464,0.5712860310421286,contact polarized,192
0.5529411764705883,0.3720220745727938,2.0694693449769623,0.32941269372130944,0.2559229950894335,0.15947451304383037,0.09644848204560309,0.03356963452076724,0.2652958753623847,0.12889323180825613,0.049315015006514744,0.5274356103023516,non-contact polarized,85
