accuracy,brier_score,cross_entropy,ece,mean_predictive_entropy,mean_expected_entropy,mean_mutual_information,mean_variance,std_predictive_entropy,std_mutual_information,std_variance,auroc_confidence,group_value,group_size
0.9110687022900763,0.0640696418434738,0.2402677976956806,0.0315203336782922,0.13216370202500677,0.1321637020250067,4.828850771485225e-18,1.5231022763588015e-33,0.21485438834269116,4.4700974299929723e-17,2.647942673972504e-33,0.8879548735910359,dermoscopic,5240
0.9083601286173634,0.07321531669731066,0.3073220136927824,0.044167859781618586,0.12707614438326809,0.12707614438326806,-6.446934409188697e-18,1.8802299279367646e-33,0.19387045447935566,4.5150474504563586e-17,2.8316741919225184e-33,0.8021114733736998,clinical: close-up,622
0.7586206896551724,0.18785705243999204,0.6757753563940303,0.1709280210012241,0.34510992357692605,0.34510992357692605,1.6749054250810552e-18,1.5408477232869647e-33,0.2605426706105081,4.7458150252687456e-17,2.6221711683303947e-33,0.6477272727272727,TBP tile: close-up,58
