accuracy,brier_score,cross_entropy,ece,mean_predictive_entropy,mean_expected_entropy,mean_mutual_information,mean_variance,std_predictive_entropy,std_mutual_information,std_variance,auroc_confidence,group_value,group_size
0.09585958595859587,0.2671729118398576,,0.5761215343695842,0.8399241866978855,0.8393451491536466,0.0005790375442389667,5.405567703211584e-05,0.3845175560827984,0.00047874430333461987,6.31797938874786e-05,0.532348562922249,histopathology,2222
0.05486725663716814,0.27132087921475007,,0.583507183558118,0.9153224031666074,0.9147838228347294,0.0005385803318782539,5.0586667035627464e-05,0.37363917788208073,0.00039712275389287193,4.828168577893091e-05,0.29134952277395193,single image expert consensus,565
0.0,0.35214078421022654,,0.8530965922994818,0.459673587027417,0.45910234761032537,0.0005712394170916845,4.001543590454177e-05,0.3697608087422463,0.0006890086160338658,7.43251493661895e-05,,confocal microscopy with consensus dermoscopy,141
0.2708333333333333,0.18408286190273634,,0.412902664206922,0.9528571165578597,0.9522324298033148,0.0006246867545448021,5.674963735908588e-05,0.43979902868271453,0.00039256551082706776,5.400782241519569e-05,0.6989010989010989,single contributor clinical assessment,48
