accuracy,brier_score,cross_entropy,ece,mean_predictive_entropy,mean_expected_entropy,mean_mutual_information,mean_variance,std_predictive_entropy,std_mutual_information,std_variance,auroc_confidence,group_value,group_size
0.9012415349887133,0.077236615139594,0.2649661839613854,0.026190009142315736,0.21656770513242612,0.18246077238254982,0.0341069327498763,0.010827405252727781,0.22960431489027985,0.05782015690424403,0.022707988369250712,0.8221808748546382,Malignant,1772
0.9358727097396335,0.046917289186367284,0.15494993348883956,0.00911238757653271,0.1352715665382019,0.11312571692103578,0.022145849617166143,0.007193435042018918,0.2173734242901164,0.05100034024741745,0.019833860717438482,0.9149167354243414,Benign,4148
