accuracy,brier_score,cross_entropy,ece,mean_predictive_entropy,mean_expected_entropy,mean_mutual_information,mean_variance,std_predictive_entropy,std_mutual_information,std_variance,auroc_confidence
0.9255067567567568,0.05599260094128582,0.18788047332622998,0.012972018739588198,0.1596054782930947,0.133879385549043,0.025726092744051684,0.008281170719954071,0.22421798826568023,0.05341516131932891,0.020802650244839637,0.8886567098701742
