accuracy,brier_score,cross_entropy,ece,mean_predictive_entropy,mean_expected_entropy,mean_mutual_information,mean_variance,std_predictive_entropy,std_mutual_information,std_variance,auroc_confidence,group_value,group_size
0.7616959064327485,0.19345788161086555,1.1528054409979671,0.1822600622219183,0.13173631450245812,0.08102812926169112,0.05070818524076699,0.01646498690841564,0.2165236862982883,0.10376246453198784,0.038216878764330615,0.7604064858754402,Melanoma,684
0.9627918287937743,0.030271364847371984,0.1390018454904398,0.021212869984270643,0.046957000062423634,0.028083480740220455,0.018873519322203183,0.005944476028898644,0.14029608965381896,0.06977656483369755,0.02477973374092413,0.9274854843848797,Benign,4112
0.7631578947368421,0.2060535514904765,1.0169144994547763,0.2176119860236404,0.10432405995813786,0.07997499864834372,0.024349061309794154,0.006400601624618416,0.19002265799023627,0.04631427450719388,0.015638463238996276,0.7777777777777777,Other,38
0.9173652694610779,0.06698935611541793,0.31224973875280215,0.04913472641655542,0.11129112711688671,0.07233123288297602,0.038959894233910684,0.012393080243916206,0.20054548201731767,0.09272849423078197,0.03390356858606571,0.8261247966095282,Malignant_NonEpidermal,835
0.8565737051792829,0.11158581074781375,0.5403127009821221,0.07623747874023092,0.16242741915881,0.09400143949183946,0.06842597966697056,0.022349353501166954,0.2316390824720069,0.12246285912632562,0.04510979707994879,0.7736434108527132,Malignant_Epidermal,251
