accuracy,brier_score,cross_entropy,ece,mean_predictive_entropy,mean_expected_entropy,mean_mutual_information,mean_variance,std_predictive_entropy,std_mutual_information,std_variance,auroc_confidence,group_value,group_size
0.8662528216704289,0.12046828106728796,0.7992127316607504,0.11159306659096552,0.06268343915969957,0.06111011163283185,0.001573327526867708,0.0004915180156346642,0.1543460210091543,0.00585660811837166,0.002336810624147792,0.7923418408719196,Malignant,1772
0.95274831243973,0.039612280211173606,0.22378262164299204,0.03551262069730718,0.029126515050492536,0.028349937304759182,0.0007765777457333535,0.00025030976911233105,0.11050531495355383,0.004391069691030248,0.0017561539939989987,0.9265703751136083,Benign,4148
