accuracy,brier_score,cross_entropy,ece,mean_predictive_entropy,mean_expected_entropy,mean_mutual_information,mean_variance,std_predictive_entropy,std_mutual_information,std_variance,auroc_confidence,group_value,group_size
0.0219435736677116,0.35011440635808666,,0.8371044313839968,0.32728306296978144,0.1817141256070777,0.14556893736270377,0.017961557273511692,0.3318536641660402,0.17973601124771726,0.02430974548131679,0.32240155677655674,Anonymous,638
0.012658227848101266,0.3501302651660382,,0.8274043969579311,0.36178379202633404,0.19399037503318878,0.1677934169931452,0.02102251572893115,0.34772885294286804,0.1923857809152666,0.025846782861043603,0.31025641025641026,MILK Study,395
0.0018148820326678765,0.3589911508369977,,0.8512060859586593,0.33248172384289365,0.18324637295707902,0.14923535088581466,0.01862788618027668,0.3318055549586079,0.1872527173183706,0.02517407244525544,0.05318181818181816,Hospital Clínic Barcelona,1102
0.0027397260273972603,0.35582464553894433,,0.8418361730166302,0.3550129050151651,0.20131473730737592,0.15369816770778919,0.019198607130632935,0.3433481940783285,0.18428274123265265,0.025058628682937616,0.25206043956043955,Federal University of Espírito Santo,730
0.0,0.35473821141085865,,0.8588612103961492,0.320760786567658,0.19719461544138261,0.12356617112627546,0.014826755445840563,0.3691995831126619,0.17602264956727007,0.022637664439033253,,University of Queensland,62
0.0,0.35428631888616424,,0.8382658167868895,0.36340210534899736,0.2168192247892068,0.14658288055979057,0.01770632142864678,0.3576884431815488,0.19424743024570812,0.025489987000166026,,Imperial College London,58
0.043478260869565216,0.337679878379906,,0.7878862191725562,0.41311927942507437,0.24781616499595205,0.16530311442912243,0.018353990162586747,0.37307249718045016,0.16827653512801344,0.021174223857884273,0.32954545454545453,Hospital Italiano Buenos Aires,46
0.047244094488188976,0.3406648311464786,,0.8336276668687866,0.2859976359938838,0.15667264841013234,0.12932498758375138,0.015553272204937567,0.3222985074024452,0.18072484181002293,0.023886341767824858,0.43732782369146006,Memorial Sloan Kettering,254
0.0,0.3233496287091465,,0.7323956444859505,0.6083518381269812,0.2350573331346026,0.3732945049923786,0.051082711473774495,0.054415956021073686,0.00449447942356207,0.008279126941143054,,University Hospital Basel,2
