accuracy,brier_score,cross_entropy,ece,mean_predictive_entropy,mean_expected_entropy,mean_mutual_information,mean_variance,std_predictive_entropy,std_mutual_information,std_variance,auroc_confidence,group_value,group_size
0.4971994829814735,0.43039601169267566,2.773509169929738,0.39552824335462855,0.23206708747138205,0.13811510221748366,0.09395198525389839,0.031741654451850954,0.2573517693101057,0.13526265325068298,0.05109350841684574,0.5023650088585732,dermoscopic,2321
0.319672131147541,0.5884042224412128,3.9847648258432353,0.5704947365430226,0.236548964471967,0.14386967561911745,0.09267928885284953,0.031363376177879224,0.25843819716565425,0.13242930155514984,0.05039401801022894,0.3840920983778127,clinical: close-up,854
0.6052631578947368,0.27229240708836183,1.2150929592981798,0.2815081001288181,0.23630837899866708,0.14382832856101357,0.09248005043765353,0.031969687670352964,0.266938268103173,0.13868710926710637,0.052025016476376716,0.7813204508856683,TBP tile: close-up,114
