accuracy,brier_score,cross_entropy,ece,mean_predictive_entropy,mean_expected_entropy,mean_mutual_information,mean_variance,std_predictive_entropy,std_mutual_information,std_variance,auroc_confidence,group_value,group_size
0.22533390779836276,0.556954166455512,1.7389776608052452,0.5701922720118056,0.43788870695043164,0.43779037042451674,9.833652591492435e-05,3.435008940091961e-05,0.2034324008703874,0.00010755324423391803,4.731427570565902e-05,0.2892910542200065,dermoscopic,2321
0.10655737704918032,0.6952240330763512,2.2703906499404294,0.7458652975328187,0.35673311740340896,0.35666773236977894,6.538503362999467e-05,2.0331099207865778e-05,0.20470684562994346,7.494839486857764e-05,3.258922138691246e-05,0.20334711160399233,clinical: close-up,854
0.5789473684210527,0.30179559460176403,0.8926236598411298,0.19273958024650545,0.5162898305055503,0.5162178619939453,7.196851160512059e-05,2.704248733622082e-05,0.17136564604575255,6.644556403548323e-05,3.0670886625435664e-05,0.446969696969697,TBP tile: close-up,114
