accuracy,brier_score,cross_entropy,ece,mean_predictive_entropy,mean_expected_entropy,mean_mutual_information,mean_variance,std_predictive_entropy,std_mutual_information,std_variance,auroc_confidence
0.9023648648648649,0.03454267609607497,0.6785156395104676,0.07777050070665976,0.04978939058082146,0.04816573051145721,0.0016236600693642336,0.00020335483891381926,0.15102969029715116,0.007270191790031044,0.00113211597446091,0.8775676269142227
