accuracy,brier_score,cross_entropy,ece,mean_predictive_entropy,mean_expected_entropy,mean_mutual_information,mean_variance,std_predictive_entropy,std_mutual_information,std_variance,auroc_confidence,group_value,group_size
0.8230177316828371,0.06273400640674293,1.2614993318037897,0.14348442618485538,0.08426801120683626,0.08146208973539924,0.002805921471437004,0.0003523105659581649,0.19044038810082065,0.009602811705519836,0.0015026815093891004,0.806774171238877,histopathology,2989
0.9856584093872229,0.005467412315337981,,0.014892779374215896,0.0074903587928663515,0.007292789974233198,0.000197568818633153,2.5109447767566243e-05,0.057139467952271664,0.0020980714667304737,0.0003548645569512298,0.9773929773929775,single image expert consensus,767
0.9893992932862191,0.0028644610762790265,,0.008791756345610944,0.00904259290361131,0.008775140929790615,0.0002674519738206916,3.079812837821e-05,0.061071324415568125,0.002285134946830677,0.0003637283747601437,0.994345238095238,serial imaging showing no change,566
0.9512195121951219,0.01641797312705644,,0.049121515852648914,0.046797635915360264,0.04568766796215592,0.0011099679532043329,0.00011896029389552527,0.1611053486175611,0.004071457488791097,0.0004999597195906059,0.9326923076923077,confocal microscopy with consensus dermoscopy,82
0.9923664122137404,0.0025554325772239963,,0.006586581468582016,0.010645425914706264,0.010296761124946381,0.0003486647897598812,4.029519413462324e-05,0.06604802938164958,0.0031908636696242067,0.0004357390859937426,0.9918269230769231,single contributor clinical assessment,524
