accuracy,brier_score,cross_entropy,ece,mean_predictive_entropy,mean_expected_entropy,mean_mutual_information,mean_variance,std_predictive_entropy,std_mutual_information,std_variance,auroc_confidence,group_value,group_size
0.8747099767981439,0.09284080205581992,0.31583666541691224,0.05624864301445166,0.16769068155113492,0.16769068155113492,0.0,0.0,0.2271452663172618,0.0,0.0,0.8572551331172021,contact non-polarized,431
0.9476439790575916,0.038173375623954946,0.13655516456736605,0.030634229315636786,0.093706815479921,0.093706815479921,0.0,0.0,0.18624321282166917,0.0,0.0,0.9243093922651933,non-contact polarized,191
0.9494949494949495,0.038397296003737785,0.14024192189702966,0.02083387156852924,0.07629795091630448,0.07629795091630448,0.0,0.0,0.16900052214964525,0.0,0.0,0.9241356382978724,contact polarized,792
