accuracy,brier_score,cross_entropy,ece,mean_predictive_entropy,mean_expected_entropy,mean_mutual_information,mean_variance,std_predictive_entropy,std_mutual_information,std_variance,auroc_confidence,group_value,group_size
0.013824884792626729,0.3494960138413376,,0.8298432978291802,0.36278051918235704,0.19664661371883163,0.16613390546352538,0.020568823328394437,0.33398595283610993,0.18668857350628032,0.02510675951766555,0.264797507788162,II,217
0.027777777777777776,0.34670270982196655,,0.8318351187050683,0.32781289204546116,0.17949328727893285,0.14831960476652828,0.018325801102911737,0.34334350291721105,0.17879433090565824,0.02419414450978694,0.6444444444444444,III,108
0.0,0.35506886407638516,,0.832038228177979,0.37162464264315914,0.19745036643219402,0.17417427621096512,0.021593461055571153,0.3696003553271021,0.2004845876346284,0.026937355258819722,,I,35
0.0,0.35482175935692084,,0.8433278733721148,0.35993494267397835,0.17767160390894166,0.1822633387650367,0.02406856352888609,0.27427826747607714,0.17626369714944978,0.02502734654228202,,IV,13
0.0,0.334162612885214,,0.7651024428506692,0.558018930803687,0.25723113996661756,0.30078779083706936,0.0366003483619503,0.38990519641522264,0.21357724179467596,0.02596819180635294,,V,3
