accuracy,brier_score,cross_entropy,ece,mean_predictive_entropy,mean_expected_entropy,mean_mutual_information,mean_variance,std_predictive_entropy,std_mutual_information,std_variance,auroc_confidence,group_value,group_size
0.10416666666666667,0.24580764468894423,,0.5307110255972172,0.930037627836489,0.9294284459202796,0.0006091819162093033,5.3887967905033704e-05,0.3542992272887743,0.000426044845774471,5.176863076914064e-05,0.5232558139534884,contact non-polarized,384
0.21875,0.22593735067760418,,0.4497533112143477,0.845135166841647,0.8445571807121617,0.0005779861294853434,5.310986926045077e-05,0.3931976867553463,0.00046504904603915305,6.38600795569682e-05,0.6095238095238095,contact polarized,192
0.03529411764705882,0.2813552522289199,,0.622896548649844,0.8575515815698506,0.8569977268170772,0.0005538547527731247,4.9431480541680546e-05,0.34712967011282275,0.00038521547161920826,5.107114693139537e-05,0.4186991869918699,non-contact polarized,85
