accuracy,brier_score,cross_entropy,ece,mean_predictive_entropy,mean_expected_entropy,mean_mutual_information,mean_variance,std_predictive_entropy,std_mutual_information,std_variance,auroc_confidence,group_value,group_size
0.8698561391769822,0.09773041804425027,0.3270437564242593,0.028419044069576148,0.2607114540900302,0.21992590907204188,0.04078554501798835,0.013454076434417806,0.242050080021749,0.06196692421567532,0.02483148960566267,0.8012467866323907,histopathology,2989
0.9921773142112125,0.0056186656180200415,0.023010166840195852,0.006843519108064589,0.03270075655648516,0.02692319227085989,0.005777564285625273,0.0015039815604695145,0.10540054693682589,0.027959734758320365,0.009990088148243764,0.9789750328515112,single image expert consensus,767
0.9982332155477032,0.0013267899353017827,0.006860417604552503,0.005891603965784388,0.017944917550376825,0.01490877952732854,0.0030361380230482862,0.000632902148485937,0.07054084776933563,0.015746823264862146,0.0053184527074119,1.0,serial imaging showing no change,566
0.8902439024390244,0.07550496745353337,0.24375877126214318,0.052119462875835305,0.24014142350383982,0.19964098875072522,0.040500434753114614,0.013031246849416854,0.2282709263276114,0.06640657658858812,0.026779546781442287,0.8888888888888888,confocal microscopy with consensus dermoscopy,82
0.9923664122137404,0.003887480926137659,0.014264225981479271,0.007185532088027793,0.026041305023936513,0.022011250888335075,0.004030054135601435,0.0010241207667403718,0.09521628114034379,0.023349596066699858,0.008678154548722226,0.9985576923076923,single contributor clinical assessment,524
