accuracy,brier_score,cross_entropy,ece,mean_predictive_entropy,mean_expected_entropy,mean_mutual_information,mean_variance,std_predictive_entropy,std_mutual_information,std_variance,auroc_confidence,group_value,group_size
0.03686635944700461,0.3621089492686692,,0.8782879357788421,0.2016195132678485,0.1925872770022722,0.009032236265576305,0.0012300898659193967,0.2755684524480203,0.018720858591183335,0.0030078064698417922,0.37440191387559807,II,217
0.046296296296296294,0.3642150694244171,,0.8893200788784912,0.14842274072357198,0.14195003473047763,0.006472705993094362,0.0008577572150959384,0.24100196810268756,0.01488208498325465,0.0023308638981455946,0.4242718446601942,III,108
0.0,0.38354662457836713,,0.9448811289242337,0.14686821223249769,0.14295837181591306,0.0039098404165846595,0.000432921982395642,0.24231020065870604,0.007396089642479527,0.0010698857786322594,,I,35
0.0,0.36143287837451904,,0.8858740444366748,0.2616795367473911,0.2507954062556766,0.010884130491714475,0.0013589596597446433,0.26636535174464326,0.021115713743869956,0.0028064119643384073,,IV,13
0.0,0.3999177479263198,,0.9997942765553792,0.0017970402508497554,0.0017774850151820274,1.9555235667727874e-05,7.464585698898845e-09,0.002150847616013438,2.2410668757737736e-05,1.0468452307812843e-08,,V,3
