accuracy,brier_score,cross_entropy,ece,mean_predictive_entropy,mean_expected_entropy,mean_mutual_information,mean_variance,std_predictive_entropy,std_mutual_information,std_variance,auroc_confidence,group_value,group_size
0.4018901890189019,0.4659878913392317,1.9571487769306524,0.43726780365086154,0.3453351946848906,0.3453351946848906,-1.1668149532301524e-18,1.4129586974301978e-33,0.24795211290700206,4.328856276952431e-17,2.5542442909412705e-33,0.4527909996402081,histopathology,2222
0.16106194690265488,0.6926422342052183,2.9927156155233745,0.711503468917163,0.2979500564820262,0.29795005648202627,-1.0642451767441783e-17,1.643740728918418e-33,0.23404656174213884,4.1729510742244025e-17,2.709392841834601e-33,0.26591551908007605,single image expert consensus,565
0.10638297872340426,0.6923992752690878,2.6256123527033446,0.7509909961901025,0.34599253770650196,0.345992537706502,-1.0370662908022694e-17,1.3986895482642053e-33,0.24118650591126384,3.9221766215837024e-17,2.5814254620398474e-33,0.19470899470899472,confocal microscopy with consensus dermoscopy,141
0.3333333333333333,0.5139665851736658,1.7731999817404749,0.5248375657247379,0.3815863854863745,0.3815863854863746,-1.2649025345664219e-17,1.157564143657745e-33,0.20301701512771753,3.6645320601136027e-17,2.4045611346892615e-33,0.34765625,single contributor clinical assessment,48
