accuracy,brier_score,cross_entropy,ece,mean_predictive_entropy,mean_expected_entropy,mean_mutual_information,mean_variance,std_predictive_entropy,std_mutual_information,std_variance,auroc_confidence,group_value,group_size
0.2488479262672811,0.6602528682858488,3.473525316497453,0.6461979329151584,0.2514016035537046,0.2514016035537046,-7.2619062101339e-18,1.7201350108135998e-33,0.24923778473616387,4.224483333819955e-17,2.750832417231569e-33,0.2586912065439673,II,217
0.25,0.6438610121241097,3.001045850415241,0.6544740750907319,0.2356760278546036,0.23567602785460362,-8.20376506688301e-18,2.111403796742757e-33,0.22518642911947864,4.495593647343626e-17,2.924823146654045e-33,0.4064929126657521,III,108
0.2571428571428571,0.655328901656939,3.1842219221170454,0.7121447993176324,0.25689202946386425,0.25689202946386425,2.7662644000844444e-18,1.761881983052823e-33,0.22704201954176054,4.167393969236768e-17,2.7838799321660212e-33,0.28205128205128205,I,35
0.3076923076923077,0.6168497003711292,3.2939438074877927,0.6510042072488711,0.24460622163087914,0.24460622163087914,-1.3344026738283132e-17,5.9259382904222645e-34,0.24472109832190259,6.768460785070241e-17,1.6592627213182335e-33,0.22222222222222224,IV,13
0.0,0.987215800528708,5.7487966779051165,0.99357670545578,0.03659386891433699,0.036593868914337024,-3.700743415417188e-17,2.0543252740130515e-33,0.02477949281805237,5.233641528945917e-17,2.9052546640350823e-33,,V,3
