accuracy,brier_score,cross_entropy,ece,mean_predictive_entropy,mean_expected_entropy,mean_mutual_information,mean_variance,std_predictive_entropy,std_mutual_information,std_variance,auroc_confidence,group_value,group_size
0.024302430243024302,0.36629520272541,,0.8929008825862332,0.19947742392911819,0.1923907943208737,0.007086629608244466,0.0009157708220522491,0.2733308353145162,0.014467749687942632,0.002308195408198369,0.4084110632772994,histopathology,2222
0.005309734513274336,0.3725312915106381,,0.909649201652645,0.21371972390476246,0.20651029327265116,0.0072094306321112715,0.0008645229275921466,0.2850907325660582,0.013981420918750934,0.002026369420635928,0.800711743772242,single image expert consensus,565
0.0,0.3754721766834211,,0.9181613388636432,0.19866691742808504,0.19313543867240693,0.005531478755678104,0.0007307890470020484,0.2556272855528786,0.010328773487174736,0.0016445243073145769,,confocal microscopy with consensus dermoscopy,141
0.0,0.3832613804302626,,0.9545062397917113,0.1474524427633635,0.1436515942712868,0.003800848492076729,0.00031669111321242036,0.2120488251127483,0.006513021580335476,0.0006196986859276686,,single contributor clinical assessment,48
