accuracy,brier_score,cross_entropy,ece,mean_predictive_entropy,mean_expected_entropy,mean_mutual_information,mean_variance,std_predictive_entropy,std_mutual_information,std_variance,auroc_confidence,group_value,group_size
0.9747899159663865,0.010836136005093127,,0.039491261481568715,0.14288585843967633,0.14288585843967633,1.630830258345515e-18,1.0155426888335076e-33,0.2092588853414353,5.285702565241677e-17,1.213059241478637e-33,0.7586206896551725,IV,119
0.9824561403508771,0.006938685558119391,,0.011118132974214238,0.05535648012258417,0.05535648012258417,2.3236045572714283e-18,8.651016497302865e-34,0.10403931523289395,4.7035518135102124e-17,1.1766006506660135e-33,0.6919642857142857,V,114
1.0,0.00014176619703762494,,0.008906864057095771,0.04498975890151503,0.04498975890151502,9.747624073224608e-18,1.0407663919623768e-33,0.06648625376121514,4.8418398277169585e-17,1.2172163215992748e-33,,VI,109
0.8897058823529411,0.03616305236362917,0.567866050521097,0.07208963884052458,0.2220335126725529,0.2220335126725529,4.300834702417453e-18,8.035596064959959e-34,0.23796123926751472,4.83352211108207e-17,1.1511452961094052e-33,0.7360881542699725,I,136
0.803921568627451,0.06575457633856432,0.9079512828109728,0.1112956926913066,0.2778866252438181,0.2778866252438181,2.6454524704401728e-18,6.9451386816205424e-34,0.294630081480117,4.1430059277311605e-17,1.0950599136361739e-33,0.706,II,255
0.93125,0.025817421577386153,0.295089597937012,0.059494305501586076,0.23422240750222328,0.23422240750222328,2.696951907563548e-18,8.181706792471632e-34,0.29479964684263454,5.0527416228161386e-17,1.1479337158793768e-33,0.7376449054301404,III,160
