accuracy,brier_score,cross_entropy,ece,mean_predictive_entropy,mean_expected_entropy,mean_mutual_information,mean_variance,std_predictive_entropy,std_mutual_information,std_variance,auroc_confidence,group_value,group_size
0.8991596638655462,0.028554838360677976,,0.055180767954898416,0.3217890935333722,0.32137066877356807,0.0004184247598041331,3.926389249253825e-05,0.4320481034740677,0.0008218503708008049,0.00011627216301698784,0.9174454828660437,IV,119
0.9736842105263158,0.008401709300397093,,0.029939950139898905,0.12084880730654485,0.12070877147858643,0.00014003582795841122,1.1181351429172033e-05,0.2973566291333473,0.00035972950903667646,3.7240396985632934e-05,0.96996996996997,V,114
0.963302752293578,0.009754618289881212,,0.03210748056752957,0.0948104441207169,0.09468890305917048,0.00012154106154644865,9.432583070963113e-06,0.2689063387801687,0.0003361243483309809,3.297271394041454e-05,0.9761904761904762,VI,109
0.8235294117647058,0.05501711384616079,0.5083025706780239,0.09490368758492615,0.4874025358161558,0.4869915941338719,0.0004109416822839333,3.592250732391716e-05,0.45394235026369517,0.0005329722112162985,6.0397842748965995e-05,0.8225446428571428,I,136
0.6784313725490196,0.08718578090898038,0.7735817761814667,0.10858389351882189,0.5826518306087124,0.5822102790110028,0.0004415515977097228,4.2262306890601774e-05,0.38831588377534604,0.00045396451258549413,6.546796948194878e-05,0.7332581418299732,II,255
0.8,0.06602564150418154,0.642881185851488,0.12376351337879904,0.45787648625943633,0.4574613349312047,0.00041515132823159284,3.9016837285456924e-05,0.4537436400782253,0.0005156317505676897,6.85818873305746e-05,0.723876953125,III,160
