accuracy,brier_score,cross_entropy,ece,mean_predictive_entropy,mean_expected_entropy,mean_mutual_information,mean_variance,std_predictive_entropy,std_mutual_information,std_variance,auroc_confidence
0.9268581081081081,0.06381444803499702,0.39602285051992914,0.057194470728988436,0.03917091868588355,0.038155854350256604,0.0010150643356269474,0.0003225092645240834,0.12618688242923556,0.004889784602423302,0.0019513214738651203,0.8846277849260334
