accuracy,brier_score,cross_entropy,ece,mean_predictive_entropy,mean_expected_entropy,mean_mutual_information,mean_variance,std_predictive_entropy,std_mutual_information,std_variance,auroc_confidence,group_value,group_size
0.802784222737819,0.13299576384780804,0.40821777059647524,0.05257368709350688,0.32300870430463163,0.32294194434819407,6.675995643764461e-05,2.208750298644262e-05,0.24845836070077645,9.605290108613368e-05,3.914854229080042e-05,0.8044202652159129,contact non-polarized,431
0.8952879581151832,0.07085011286539605,0.2295855793964083,0.03317656788331811,0.18176367020799333,0.18172225975032189,4.1410457671469616e-05,1.2115407403438398e-05,0.22814713359486719,6.721909715448782e-05,2.5722198279300082e-05,0.8909356725146198,non-contact polarized,191
0.9457070707070707,0.04062767001174475,0.13789447906335794,0.016687245344519243,0.16576074590092818,0.16571321174757625,4.753415335194798e-05,1.2644575316259999e-05,0.21294177054775812,8.881651689387597e-05,3.61264172181093e-05,0.9198000434688111,contact polarized,792
