accuracy,brier_score,cross_entropy,ece,mean_predictive_entropy,mean_expected_entropy,mean_mutual_information,mean_variance,std_predictive_entropy,std_mutual_information,std_variance,auroc_confidence,group_value,group_size
0.8811068702290077,0.036488226207241875,0.3871567782307161,0.05216717567038906,0.16649056912626822,0.16649056912626822,0.0,0.0,0.269563585904579,0.0,0.0,0.873688069528795,dermoscopic,5240
0.8086816720257235,0.059103632020680585,0.6635675449772535,0.10229348503891675,0.2353084486092764,0.2353084486092764,0.0,0.0,0.29076665054399903,0.0,0.0,0.8099721001720768,clinical: close-up,622
0.5,0.13727769252411323,1.4481230625150328,0.3212012818147396,0.5482306068575042,0.5482306068575042,0.0,0.0,0.35553478990128934,0.0,0.0,0.703923900118906,TBP tile: close-up,58
