accuracy,brier_score,cross_entropy,ece,mean_predictive_entropy,mean_expected_entropy,mean_mutual_information,mean_variance,std_predictive_entropy,std_mutual_information,std_variance,auroc_confidence,group_value,group_size
0.7882234861157578,0.14831924924090278,0.47019272960117875,0.044225325896340824,0.3704545083420372,0.3703735763215832,8.093202045395543e-05,2.714362561385156e-05,0.22833196605591147,9.957167924920473e-05,4.371248005794486e-05,0.742494038949997,histopathology,2989
0.9647979139504563,0.026703848367860845,0.09198830355066988,0.01632009076730989,0.09695316498361788,0.09693024307351485,2.2921910103013856e-05,6.900438166677871e-06,0.19353230119880072,7.058636914365193e-05,2.7736042221893116e-05,0.9438438438438438,single image expert consensus,767
0.9929328621908127,0.004715020037291248,0.0237203684950423,0.013807474496336299,0.05903542798885452,0.05901088110146051,2.454688739400917e-05,3.0642113915188506e-06,0.10841207575447583,5.264245923928488e-05,1.3559287473819831e-05,0.9915480427046264,serial imaging showing no change,566
0.7439024390243902,0.1909912353676619,0.5906165619219647,0.11557408088943127,0.44541874896258926,0.4453122202629609,0.00010652869962839348,4.0234019324755705e-05,0.20531218969659898,0.00011153328461883304,5.463160547495608e-05,0.6245120999219359,confocal microscopy with consensus dermoscopy,82
0.9866412213740458,0.012926555607965363,0.0488955218077962,0.021587006396156006,0.08559278219977054,0.08556956375923613,2.3218440534416536e-05,6.075359450446217e-06,0.16869363158712605,6.209858957786697e-05,2.6312297760365916e-05,0.9731970157502072,single contributor clinical assessment,524
