accuracy,brier_score,cross_entropy,ece,mean_predictive_entropy,mean_expected_entropy,mean_mutual_information,mean_variance,std_predictive_entropy,std_mutual_information,std_variance,auroc_confidence,group_value,group_size
0.7855470056875209,0.06710577541256507,0.7744638512636502,0.09163395419557652,0.31494136615844515,0.31494136615844515,1.4954741638879422e-18,7.146068245420453e-34,0.3183482252905154,4.8582455180113635e-17,1.1004331684912072e-33,0.7446450924476502,histopathology,2989
0.9804432855280313,0.006512836936979456,,0.016784535453915915,0.04928826744814337,0.04928826744814337,4.519712094723777e-19,8.10704412443775e-34,0.1546149503985827,5.455974361824243e-17,1.1548557395831864e-33,0.9549645390070922,single image expert consensus,767
0.9929328621908127,0.0018935527978305331,,0.0068237767433248185,0.02557287531176522,0.025572875311765216,-2.8157773973151954e-19,9.634782150172552e-34,0.10045153553640933,5.825760961503868e-17,1.2019668412316236e-33,0.9942170818505338,serial imaging showing no change,566
0.8902439024390244,0.040040784050273906,,0.0770722899532328,0.2985387734720496,0.29853877347204955,8.990944845001744e-18,5.563831580501311e-34,0.2974948907892572,4.981224825715641e-17,9.89006337890235e-34,0.76103500761035,confocal microscopy with consensus dermoscopy,82
0.9847328244274809,0.0048576319176738825,,0.024742347270513596,0.12625270897253477,0.12625270897253477,4.257549683320314e-18,9.525416800373623e-34,0.17994608368795184,4.8649505118334346e-17,1.1987639960170849e-33,0.9675387596899225,single contributor clinical assessment,524
