accuracy,brier_score,cross_entropy,ece,mean_predictive_entropy,mean_expected_entropy,mean_mutual_information,mean_variance,std_predictive_entropy,std_mutual_information,std_variance,auroc_confidence,group_value,group_size
0.046518698692611736,0.3223023833167625,,0.754632264205528,0.4973015723264363,0.49730157232643624,2.1372410525370005e-18,5.638645087125361e-34,0.35244375314418697,4.987175865624514e-17,1.0028261477270043e-33,0.36512521675336806,Indeterminate,3289
