accuracy,brier_score,cross_entropy,ece,mean_predictive_entropy,mean_expected_entropy,mean_mutual_information,mean_variance,std_predictive_entropy,std_mutual_information,std_variance,auroc_confidence,group_value,group_size
0.09114583333333333,0.302280886097073,,0.7065133426162828,0.49736222397092006,0.49736222397092006,-3.9189391026298965e-18,5.534914918675412e-34,0.3423313696761654,4.5331005246626724e-17,9.92577944544802e-34,0.449447400736799,contact non-polarized,384
0.11458333333333333,0.2898698878149558,,0.6609985972930739,0.5449514372527425,0.5449514372527425,1.7889335846010823e-18,4.881128477931422e-34,0.3524378086497787,5.266318840347777e-17,9.432563961682897e-34,0.4946524064171123,contact polarized,192
0.023529411764705882,0.32533026916282176,,0.7696081575294381,0.5352913656440886,0.5352913656440886,8.898111006186917e-18,4.850842151883374e-34,0.3502874625824997,5.044984038370196e-17,9.305323929821471e-34,0.27710843373493976,non-contact polarized,85
