accuracy,brier_score,cross_entropy,ece,mean_predictive_entropy,mean_expected_entropy,mean_mutual_information,mean_variance,std_predictive_entropy,std_mutual_information,std_variance,auroc_confidence,group_value,group_size
0.877030162412993,0.04328053034691732,0.9744589624393513,0.10822536573332583,0.062290387621148274,0.05975537490901961,0.002535012712128669,0.0003077165238985138,0.1727728747869418,0.009375880237996187,0.001367933791868229,0.8202805231107118,contact non-polarized,431
0.9424083769633508,0.020767135147059475,0.3069606518376514,0.0534824352925984,0.03457883747662921,0.033798449296788644,0.0007803881798405684,9.92426819238343e-05,0.12465765256981583,0.003464623620747504,0.0005729112666607293,0.9146464646464647,non-contact polarized,191
0.9191919191919192,0.027487312170389466,0.5429403539697775,0.06822413375431838,0.03391687912623377,0.03263043694619155,0.0012864421800422268,0.00017065967117730704,0.12223642581549354,0.006765560029649626,0.0010956220731650954,0.9093621222527474,contact polarized,792
