accuracy,brier_score,cross_entropy,ece,mean_predictive_entropy,mean_expected_entropy,mean_mutual_information,mean_variance,std_predictive_entropy,std_mutual_information,std_variance,auroc_confidence,group_value,group_size
0.43744374437443745,0.4315602245543055,1.5246019325963154,0.3707362655885762,0.4076134234729784,0.34144919290298714,0.06616423056999134,0.023857203712747566,0.22722903089738658,0.07122638341827109,0.029656993590968427,0.39625102880658436,histopathology,2222
0.1752212389380531,0.6750939886460074,2.589054506191836,0.6841453625510643,0.3254627027496144,0.26629325310317836,0.05916944964643614,0.020160699832917395,0.23073662512030624,0.07131314638370831,0.029477178606831415,0.20245372176702647,single image expert consensus,565
0.1773049645390071,0.5846399568567404,1.8456598998543363,0.6268446940380472,0.4360596091436844,0.37203935518886416,0.06402025395482018,0.023270517278476975,0.20605924745085794,0.06158844641245759,0.02611648266364248,0.27620689655172415,confocal microscopy with consensus dermoscopy,141
0.375,0.383381671301738,1.1369816232019512,0.40274971912537394,0.49140310355635725,0.38634742576873454,0.10505567778762263,0.03911309717906777,0.192602345432333,0.0771544619480564,0.033695597197368206,0.5925925925925927,single contributor clinical assessment,48
