accuracy,brier_score,cross_entropy,ece,mean_predictive_entropy,mean_expected_entropy,mean_mutual_information,mean_variance,std_predictive_entropy,std_mutual_information,std_variance,auroc_confidence,group_value,group_size
0.7675438596491229,0.21085791708784946,1.530969713809228,0.20554819569554567,0.07526173112561658,0.07354427763579725,0.0017174534898193252,0.00054602926570562,0.16767864554743084,0.005738459093944296,0.002371407777235068,0.7609104522312069,Melanoma,684
0.9547665369649806,0.03779205349547976,0.2098093619750011,0.03379834653722684,0.028396333998652275,0.027641171753611516,0.0007551622450407601,0.00024283414805093196,0.10906733061371006,0.00434901617813797,0.001741324601427428,0.9300732913742955,Benign,4112
0.7105263157894737,0.25103137018419963,1.7654690033548508,0.27653260752179193,0.12003800004307004,0.11691939896109256,0.0031186010819774478,0.001067074016061666,0.2086365519467201,0.007252446473351193,0.0028054477384076948,0.7104377104377104,Other,38
0.9401197604790419,0.05328971497175412,0.2856016361440008,0.04359382119722648,0.048081857435696033,0.0466880986806811,0.001393758755014937,0.0004211403894527067,0.13471574178898024,0.005695838484995357,0.00206858206765034,0.8620382165605095,Malignant_NonEpidermal,835
0.8924302788844621,0.09608641050703709,0.5138275142770486,0.09216587436841917,0.07544738712194379,0.0736668288481793,0.0017805582737644996,0.0005778317675344399,0.1705049274511545,0.0066531937181053,0.0029929808003504575,0.8250661375661376,Malignant_Epidermal,251
