accuracy,brier_score,cross_entropy,ece,mean_predictive_entropy,mean_expected_entropy,mean_mutual_information,mean_variance,std_predictive_entropy,std_mutual_information,std_variance,auroc_confidence,group_value,group_size
0.05642633228840126,0.3173078118995935,,0.7391281753871881,0.4991840203693688,0.4991840203693688,0.0,0.0,0.34304051345319897,0.0,0.0,0.5731358434846807,Anonymous,638
0.03291139240506329,0.33343927780122185,,0.7823221503933773,0.4559784134601154,0.4559784134601154,0.0,0.0,0.36148630101705115,0.0,0.0,0.4512686266612968,MILK Study,395
0.008166969147005444,0.34057020015601025,,0.7928482616715768,0.4949555405059128,0.4949555405059128,0.0,0.0,0.35136831714895544,0.0,0.0,0.4965944901900986,Hospital Clínic Barcelona,1102
0.00684931506849315,0.346306002610326,,0.81673683205696,0.45502929360486155,0.45502929360486155,0.0,0.0,0.34251752849167266,0.0,0.0,0.24937931034482758,Federal University of Espírito Santo,730
0.0,0.34221300518614983,,0.8080508247498543,0.4931179894897756,0.4931179894897756,0.0,0.0,0.3556681567084182,0.0,0.0,,University of Queensland,62
0.05172413793103448,0.32005703273037994,,0.7229992120430387,0.5350720403168192,0.5350720403168192,0.0,0.0,0.34320094810694585,0.0,0.0,0.49696969696969695,Imperial College London,58
0.08695652173913043,0.3223986217272316,,0.7795346716175908,0.4347391710666483,0.4347391710666483,0.0,0.0,0.3374144862072559,0.0,0.0,0.5059523809523809,Hospital Italiano Buenos Aires,46
0.16535433070866143,0.26938459640390283,,0.6038819730985822,0.5679927169276546,0.5679927169276546,0.0,0.0,0.33227308299609876,0.0,0.0,0.5539083557951483,Memorial Sloan Kettering,254
0.5,0.20180928739740617,,0.6212314814329147,1.141325586967315,1.141325586967315,0.0,0.0,0.24397311911541758,0.0,0.0,0.0,University Hospital Basel,2
