accuracy,brier_score,cross_entropy,ece,mean_predictive_entropy,mean_expected_entropy,mean_mutual_information,mean_variance,std_predictive_entropy,std_mutual_information,std_variance,auroc_confidence
0.9015202702702703,0.03193241029939291,0.5069889664758702,0.05854210906622268,0.09571910389561337,0.054553670669419456,0.04116543322619392,0.005068982666440191,0.21501918836168,0.11126194593078544,0.014959523686208842,0.8769495200180236
