accuracy,brier_score,cross_entropy,ece,mean_predictive_entropy,mean_expected_entropy,mean_mutual_information,mean_variance,std_predictive_entropy,std_mutual_information,std_variance,auroc_confidence,group_value,group_size
0.25292529252925294,0.5381668387914736,1.6886629265829525,0.5416959517096027,0.43947635836204624,0.43938443368441427,9.192467763203623e-05,3.247284752640535e-05,0.20369762417915674,0.00010256168843222885,4.524364008961639e-05,0.3093362774943189,histopathology,2222
0.10265486725663717,0.6893291167473461,2.1588490513370484,0.7433110135428368,0.37024200241526045,0.3701718838637521,7.011855150836135e-05,2.2283215011145217e-05,0.19254125071844963,8.132796058108599e-05,3.571828348448937e-05,0.21250765149969397,single image expert consensus,565
0.0070921985815602835,0.8502116406309844,3.116082022498959,0.9167824948087651,0.2356399648592236,0.2355502845646594,8.968029456421407e-05,1.8017244523197304e-05,0.17866399118692858,0.0001033112987883489,3.4129930622091234e-05,0.0,confocal microscopy with consensus dermoscopy,141
0.2916666666666667,0.4662418138603089,1.3195623859900982,0.5338403564024096,0.5281890923488467,0.5280801014878039,0.00010899086104273602,4.233361917640641e-05,0.17406642168537192,8.440798233951365e-05,3.4374654092300275e-05,0.26260504201680673,single contributor clinical assessment,48
