accuracy,brier_score,cross_entropy,ece,mean_predictive_entropy,mean_expected_entropy,mean_mutual_information,mean_variance,std_predictive_entropy,std_mutual_information,std_variance,auroc_confidence,group_value,group_size
0.9071925754060325,0.08002885053740663,0.5194662835849733,0.0770909276727512,0.050189204088232825,0.0486840111112357,0.001505192976997115,0.0004696983058486419,0.13901275873641286,0.006324329127940709,0.00262089388788808,0.8431265984654732,contact non-polarized,431
0.9424083769633508,0.044852427700613644,0.2076053465230688,0.0538875908309035,0.03178396333418408,0.030769497010687277,0.0010144663234968028,0.0004245310369464765,0.12251375031110628,0.005495316361064213,0.00249271053814631,0.9606060606060606,non-contact polarized,191
0.9444444444444444,0.04698632223807861,0.27521191677745566,0.047622633461451326,0.025819251006604996,0.02506871612264327,0.0007505348839617213,0.00023059042493676617,0.10369681674443935,0.004217319038132823,0.001473160421110447,0.9246019688867282,contact polarized,792
