accuracy,brier_score,cross_entropy,ece,mean_predictive_entropy,mean_expected_entropy,mean_mutual_information,mean_variance,std_predictive_entropy,std_mutual_information,std_variance,auroc_confidence,group_value,group_size
0.42438604049978457,0.4510768556443082,1.6847318167803067,0.4131672776091111,0.358865507276058,0.358865507276058,0.0,0.0,0.23371256810635835,0.0,0.0,0.440312015562783,dermoscopic,2321
0.2423887587822014,0.6375978972312012,2.6575621890796595,0.6353016501323623,0.2859258759439027,0.2859258759439027,0.0,0.0,0.23372773423875565,0.0,0.0,0.32320109908981626,clinical: close-up,854
0.6140350877192983,0.2770537857447394,0.9193976139299593,0.22813409505301696,0.3714403926709881,0.3714403926709881,0.0,0.0,0.22107539952425684,0.0,0.0,0.6207792207792208,TBP tile: close-up,114
