accuracy,brier_score,cross_entropy,ece,mean_predictive_entropy,mean_expected_entropy,mean_mutual_information,mean_variance,std_predictive_entropy,std_mutual_information,std_variance,auroc_confidence,group_value,group_size
0.827485380116959,0.05721394186752438,,0.09645605509915553,0.2355296774531633,0.2355296774531633,0.0,0.0,0.27727198799652564,0.0,0.0,0.75305444091753,Melanoma,684
0.8864299610894941,0.03337275028912772,,0.05096447862075923,0.151913143739746,0.151913143739746,0.0,0.0,0.2637002562113831,0.0,0.0,0.9005199108220759,Benign,4112
0.3157894736842105,0.23621194701292222,,0.5459824831862198,0.3904143946117145,0.3904143946117145,0.0,0.0,0.3661032205563364,0.0,0.0,0.5737179487179487,Other,38
0.8898203592814371,0.03450359753632595,,0.034271451598869754,0.22624248896032179,0.22624248896032179,0.0,0.0,0.2948651076871473,0.0,0.0,0.8358666393586518,Malignant_NonEpidermal,835
0.7290836653386454,0.08674592531317216,,0.18102881834801457,0.24323681570293873,0.24323681570293873,0.0,0.0,0.3178716603699529,0.0,0.0,0.819270331083253,Malignant_Epidermal,251
