accuracy,brier_score,cross_entropy,ece,mean_predictive_entropy,mean_expected_entropy,mean_mutual_information,mean_variance,std_predictive_entropy,std_mutual_information,std_variance,auroc_confidence,group_value,group_size
0.08272296423955192,0.27526231280133945,,0.5999061171849809,0.8224432097923705,0.8218388009613214,0.0006044088310490406,5.538863414519229e-05,0.3851653761488848,0.000501738636791515,6.547644197797196e-05,0.5264404258650384,dermoscopic,2321
0.07259953161592506,0.2745653990328759,,0.596339296676934,0.8494115976239066,0.8489124364891214,0.0004991611347854233,4.653493340832561e-05,0.4065506940750792,0.0003922765517387959,4.757960032553368e-05,0.3888481590094493,clinical: close-up,854
0.08771929824561403,0.22334288366346208,,0.45326460971121196,1.0802318190097295,1.0796941927346133,0.0005376262751162277,5.0434180136814636e-05,0.3521271583133664,0.00036133544456568473,4.387133202096093e-05,0.475,TBP tile: close-up,114
