accuracy,brier_score,cross_entropy,ece,mean_predictive_entropy,mean_expected_entropy,mean_mutual_information,mean_variance,std_predictive_entropy,std_mutual_information,std_variance,auroc_confidence,group_value,group_size
0.8422273781902552,0.049639480532674245,0.5830735083846893,0.07929017600493193,0.21824616450226142,0.21824616450226142,0.0,0.0,0.3112930440125912,0.0,0.0,0.8232458272565224,contact non-polarized,431
0.9424083769633508,0.018130277797923148,0.1819789671687265,0.042802745135042654,0.132856598844327,0.132856598844327,0.0,0.0,0.2598568845815528,0.0,0.0,0.8944444444444444,non-contact polarized,191
0.9128787878787878,0.0270551573393576,0.3177588178941781,0.05416079851413015,0.11293999914346278,0.11293999914346278,0.0,0.0,0.23873959162260278,0.0,0.0,0.9053260368432658,contact polarized,792
