accuracy,brier_score,cross_entropy,ece,mean_predictive_entropy,mean_expected_entropy,mean_mutual_information,mean_variance,std_predictive_entropy,std_mutual_information,std_variance,auroc_confidence,group_value,group_size
0.9139312977099237,0.06448938299024305,0.22589229512488695,0.0330351982273658,0.12881385642408155,0.12881385642408155,0.0,0.0,0.20888328508795054,0.0,0.0,0.8875902324201017,dermoscopic,5240
0.9003215434083601,0.07609225925035958,0.28089336771178935,0.04082164125477247,0.15341942802539402,0.15341942802539402,0.0,0.0,0.20367598587908553,0.0,0.0,0.8341877880184332,clinical: close-up,622
0.7413793103448276,0.20795024095436995,0.6544063601678083,0.19036484287839966,0.36184812604518224,0.36184812604518224,0.0,0.0,0.23950677456814412,0.0,0.0,0.6217054263565891,TBP tile: close-up,58
