accuracy,brier_score,cross_entropy,ece,mean_predictive_entropy,mean_expected_entropy,mean_mutual_information,mean_variance,std_predictive_entropy,std_mutual_information,std_variance,auroc_confidence,group_value,group_size
0.08934169278996865,0.2530721202977098,,0.5485273167490959,0.9138264232784992,0.9132193027840916,0.0006071204944077247,5.47237487110572e-05,0.3499511767385138,0.0004274969312190578,5.5499749922712455e-05,0.4949119787420358,Anonymous,638
0.11139240506329114,0.2547541168104097,,0.5464262623198424,0.8994701478706366,0.8988592174869038,0.0006109303837328555,5.629324465012907e-05,0.41650865175381996,0.0005536648350055966,7.221162272715851e-05,0.48264698264698264,MILK Study,395
0.004537205081669692,0.3160272241124829,,0.7155543555906161,0.7448871682790303,0.7442956587294689,0.0005915095495615703,5.401530891625718e-05,0.3783376336105262,0.0005170870559069803,6.611807757471353e-05,0.3713764813126709,Hospital Clínic Barcelona,1102
0.043835616438356165,0.28474306996541976,,0.6285517567314514,0.8401411951927139,0.839639632159674,0.0005015630330400087,4.710096730359651e-05,0.39767629894700857,0.0003890529790907477,4.793946520509091e-05,0.2238986389684814,Federal University of Espírito Santo,730
0.0967741935483871,0.22387931546500203,,0.4560916074822026,1.0694762981350683,1.068893062148855,0.0005832359862128937,5.577491347555524e-05,0.36953786416941187,0.0004115419892787465,5.026506912496628e-05,0.5982142857142857,University of Queensland,62
0.06896551724137931,0.24914928230659109,,0.5367631029466103,1.0176201462161818,1.016923127825214,0.0006970183909678325,6.411174955729017e-05,0.34767960551231175,0.00038332365052253425,5.387006690714777e-05,0.375,Imperial College London,58
0.08695652173913043,0.2698672882284252,,0.5532998134260593,0.9238012682279262,0.9232167972333687,0.0005844709945575653,4.965688587406762e-05,0.46055727291833654,0.00040867923667284577,4.541301569622741e-05,0.24404761904761904,Hospital Italiano Buenos Aires,46
0.4409448818897638,0.15415905491150914,,0.2234252400285616,0.8323875062529051,0.8318434419276024,0.000544064325302837,5.2655048586669366e-05,0.39800881597711024,0.0004924435165607439,6.789826562020024e-05,0.7443410462776661,Memorial Sloan Kettering,254
0.0,0.17666024913054468,,0.39414229691028596,1.439411751549803,1.4389303641598616,0.0004813873899414123,3.835890356076275e-05,0.08977010167237509,3.1857867635709525e-05,8.564836325141398e-06,,University Hospital Basel,2
