accuracy,brier_score,cross_entropy,ece,mean_predictive_entropy,mean_expected_entropy,mean_mutual_information,mean_variance,std_predictive_entropy,std_mutual_information,std_variance,auroc_confidence,group_value,group_size
0.0423042304230423,0.3275919901112039,,0.7639063563730994,0.47825328280542906,0.47825328280542906,0.0,0.0,0.3499818336134852,0.0,0.0,0.49942509198528234,histopathology,2222
0.01415929203539823,0.3386820259121557,,0.790675912810638,0.5027404613999935,0.5027404613999935,0.0,0.0,0.34756795431691545,0.0,0.0,0.28209156193895873,single image expert consensus,565
0.0,0.33159798442969274,,0.7486868633868846,0.5978006776372731,0.5978006776372731,0.0,0.0,0.3406808666115711,0.0,0.0,,confocal microscopy with consensus dermoscopy,141
0.125,0.2897614672018622,,0.693474323178331,0.5292551474089301,0.5292551474089301,0.0,0.0,0.3268481533575262,0.0,0.0,0.40476190476190477,single contributor clinical assessment,48
