accuracy,brier_score,cross_entropy,ece,mean_predictive_entropy,mean_expected_entropy,mean_mutual_information,mean_variance,std_predictive_entropy,std_mutual_information,std_variance,auroc_confidence,group_value,group_size
0.9831932773109243,0.012867674622642565,0.04347903336532539,0.013636121159406527,0.055394232410222746,0.0435628340852978,0.011831398324924948,0.003198563553966581,0.13145105840175814,0.04052942601931006,0.013006471008506692,0.9786324786324787,IV,119
1.0,3.575179690115001e-05,0.0012864359710649492,0.0012679761944748291,0.00659697040182953,0.005629371908890758,0.000967598492938772,6.222029597777801e-05,0.024405817341464697,0.004768022461160531,0.0005445990355437393,,V,114
1.0,8.609437003810178e-05,0.0020469681394604975,0.002002140611700739,0.009146854929561275,0.007562296721757079,0.0015845582078041966,0.0001478703640379906,0.03530541164925621,0.007721434183463028,0.001070541173402408,,VI,109
0.9485294117647058,0.04078225938275589,0.13501347042213374,0.0371664576112591,0.10757100972315671,0.08935144922921019,0.01821956049394653,0.005960880101099126,0.19188412173942265,0.05682584878130213,0.022477530560285192,0.9136212624584718,I,136
0.9294117647058824,0.06210120406012449,0.21999553543356698,0.03695780031763946,0.19040385898341378,0.160860210078157,0.029543648905256743,0.009173443889488254,0.23113090393225125,0.05282974046553609,0.020278252106163464,0.8216127519924987,II,255
0.975,0.022313712681425714,0.07768722406789619,0.027137445962416358,0.10841407383821658,0.0936555445767002,0.014758529261516365,0.004557895472493067,0.19389260332544583,0.03501399909393352,0.013621402247311998,0.9455128205128205,III,160
