accuracy,brier_score,cross_entropy,ece,mean_predictive_entropy,mean_expected_entropy,mean_mutual_information,mean_variance,std_predictive_entropy,std_mutual_information,std_variance,auroc_confidence,group_value,group_size
0.8909512761020881,0.09020872630509945,0.5046371357618589,0.07261533527342484,0.09153168476505644,0.053628612440160726,0.03790307232489571,0.012339271985239974,0.1893968532052904,0.09670306253958685,0.03561600184367267,0.833665780141844,contact non-polarized,431
0.9424083769633508,0.044206130711501306,0.15934173073973196,0.03673579419297998,0.05700069278143543,0.032322871713593514,0.024677821067841915,0.008130321521843615,0.16041785031851777,0.08297660429627765,0.030007417174494667,0.95,non-contact polarized,191
0.9646464646464646,0.029185223644784625,0.1963788871236417,0.025761746476446322,0.036566084669012934,0.022733923544621348,0.013832161124391583,0.004304584593156793,0.1243155916914997,0.05836623938367629,0.020856590375207946,0.8843025430067315,contact polarized,792
