accuracy,brier_score,cross_entropy,ece,mean_predictive_entropy,mean_expected_entropy,mean_mutual_information,mean_variance,std_predictive_entropy,std_mutual_information,std_variance,auroc_confidence,group_value,group_size
0.15668202764976957,0.6916227475172761,2.4679150960757,0.7186036834965379,0.31390658499989593,0.31384637949503297,6.0205504862939734e-05,1.801385369949651e-05,0.2114608855647478,7.68424300629417e-05,3.317991187125769e-05,0.21552555448408872,II,217
0.2037037037037037,0.6316008366675133,2.1725013289572037,0.647109265322797,0.35195115342582645,0.3518744252029971,7.672822282946173e-05,2.4143972544038743e-05,0.21304545280452036,0.00011236013316786823,5.03382640670137e-05,0.26004228329809725,III,108
0.11428571428571428,0.7345287256433334,2.642145975292415,0.807828931595598,0.2892090693140481,0.2891680025645386,4.106674950944352e-05,1.2039326598082747e-05,0.21392572030622167,4.407129803322012e-05,2.271832216887723e-05,0.20161290322580647,I,35
0.15384615384615385,0.6531593313430542,2.13440656975814,0.7328488134420834,0.4084129759711809,0.40834381016130644,6.916580987443705e-05,2.4079608914128955e-05,0.2195168120873348,5.256867111411564e-05,2.3871173743130735e-05,0.04545454545454547,IV,13
0.0,0.7702590722584194,2.2012664596181106,0.8755211989084879,0.35918023845858355,0.3591631083967915,1.7130061791936768e-05,3.5657330719611014e-06,0.1133238341875405,8.88823106850106e-06,1.8031494164483356e-06,,V,3
