accuracy,brier_score,cross_entropy,ece,mean_predictive_entropy,mean_expected_entropy,mean_mutual_information,mean_variance,std_predictive_entropy,std_mutual_information,std_variance,auroc_confidence,group_value,group_size
0.7838600451467269,0.06066828325934458,,0.03449434440574577,0.5355386569029548,0.5351310140750078,0.0004076428279468956,3.76891308559807e-05,0.39754103173548166,0.0004765829203410431,6.654276235766114e-05,0.784504132619782,Malignant,1772
0.7536162005785921,0.06607998047054195,,0.07384399814152207,0.42282544246240944,0.4224795469904973,0.00034589547191219924,3.3964703378877246e-05,0.435757514912828,0.0005121206723214447,7.130662118187491e-05,0.8521803746871451,Benign,4148
