accuracy,brier_score,cross_entropy,ece,mean_predictive_entropy,mean_expected_entropy,mean_mutual_information,mean_variance,std_predictive_entropy,std_mutual_information,std_variance,auroc_confidence,group_value,group_size
0.851508120649652,0.042361358048831364,0.4324444022918766,0.05448213685291093,0.2975235930942505,0.22276713940261522,0.07475645369163529,0.008145033029368526,0.35831902859923404,0.12001288172529635,0.014596063667380246,0.8428559264305178,contact non-polarized,431
0.9528795811518325,0.01643311537973406,0.15791053151469522,0.03553083758810817,0.15503474399679845,0.11914205883066432,0.035892685166134114,0.003895523967055387,0.2843946252800559,0.0837015568194465,0.010439344956103016,0.8937728937728938,non-contact polarized,191
0.9318181818181818,0.021255642890994377,0.21907325570078984,0.02014639039150257,0.14690313910307706,0.11091189597124104,0.035991243131836034,0.003965089610528949,0.2672418645938678,0.08453619260901436,0.011078057840507175,0.91430793937569,contact polarized,792
