accuracy,brier_score,cross_entropy,ece,mean_predictive_entropy,mean_expected_entropy,mean_mutual_information,mean_variance,std_predictive_entropy,std_mutual_information,std_variance,auroc_confidence,group_value,group_size
0.42826367944851357,0.42560696175964846,1.4403425446594167,0.3751973083601038,0.4185686330997807,0.34915308396573846,0.0694155491340422,0.025060839903244918,0.22160061309474877,0.07062001468403087,0.029539203323481963,0.4280263343436656,dermoscopic,2321
0.18032786885245902,0.678551122909454,2.6874853135731667,0.6797698099973046,0.31432408017597757,0.2560920250476635,0.05823205512831407,0.020072541598536543,0.23725955195570986,0.07457352990121154,0.030777697134967568,0.21120593692022263,clinical: close-up,854
0.5701754385964912,0.30647773160699765,0.936987005209546,0.2531603881588365,0.44670766362576403,0.4095631096617954,0.03714455396396874,0.01294116766804298,0.19595490142440952,0.04089757156048893,0.017960677378505027,0.5387755102040817,TBP tile: close-up,114
