accuracy,brier_score,cross_entropy,ece,mean_predictive_entropy,mean_expected_entropy,mean_mutual_information,mean_variance,std_predictive_entropy,std_mutual_information,std_variance,auroc_confidence,group_value,group_size
0.8216794914687187,0.058227794668720786,0.9423575425951454,0.11280341531634644,0.16192241424689308,0.09183605844417292,0.07008635580272016,0.008642639196808572,0.2618478912169775,0.1389670517907479,0.018798038078313793,0.7886941502527027,histopathology,2989
0.9908735332464146,0.003019277684666393,,0.007045765438908122,0.014899515441800256,0.007651803157895189,0.007247712283905068,0.0008793724346236002,0.08288117539205472,0.048503313094260286,0.006544765906281154,0.9577067669172933,single image expert consensus,767
0.9964664310954063,0.0005934619932005521,,0.0020770291745368426,0.007500510257108307,0.005137940001827999,0.002362570255280308,0.00028759585764327045,0.057335288837770455,0.023165900523398304,0.0035349796182481564,0.999113475177305,serial imaging showing no change,566
0.9146341463414634,0.01717920666684795,,0.05342876687400358,0.1424856643934797,0.07931466320756253,0.06317100118591719,0.00787986290781282,0.27402928051698516,0.13826544208625025,0.018217440509174974,0.9923809523809525,confocal microscopy with consensus dermoscopy,82
0.9980916030534351,0.0010580046848195366,,0.004389296961194767,0.009482535518248101,0.006340223875258495,0.003142311642989607,0.00035115872080794525,0.06416653416663883,0.02747425191611037,0.0038466367648369265,0.9866156787762906,single contributor clinical assessment,524
