accuracy,brier_score,cross_entropy,ece,mean_predictive_entropy,mean_expected_entropy,mean_mutual_information,mean_variance,std_predictive_entropy,std_mutual_information,std_variance,auroc_confidence,group_value,group_size
0.3912106850495476,0.4669427729496699,1.871635016046518,0.44355004522873337,0.35531237512442265,0.35531237512442265,-1.020858270674484e-18,1.4042633311470596e-33,0.24461338031990512,4.314252178234357e-17,2.5539573836892986e-33,0.4668605865609149,dermoscopic,2321
0.16627634660421545,0.6983725499975401,3.1793591292324037,0.7118034781925989,0.2821321530015346,0.2821321530015346,-1.1192415649297914e-17,1.697289190633741e-33,0.2385997006016145,4.132723143290668e-17,2.7334124614352193e-33,0.25870390884633643,clinical: close-up,854
0.5701754385964912,0.3015709201855164,1.0650970207446107,0.26642550386493796,0.365266841928787,0.365266841928787,9.204305811679572e-18,1.3635808711287009e-33,0.23507032238712655,4.4117463954054376e-17,2.4954051953896362e-33,0.6448979591836734,TBP tile: close-up,114
