accuracy,brier_score,cross_entropy,ece,mean_predictive_entropy,mean_expected_entropy,mean_mutual_information,mean_variance,std_predictive_entropy,std_mutual_information,std_variance,auroc_confidence,group_value,group_size
0.77046783625731,0.06613160659478604,,0.05774505349279151,0.5810055575980196,0.5805412438520723,0.0004643137459474484,4.3328629856757614e-05,0.3809271539824398,0.0005080077348342171,7.423267103684553e-05,0.7319281112897182,Melanoma,684
0.757295719844358,0.06503473099434004,,0.0715851039600338,0.4192985590634315,0.4189546798786358,0.0003438791847956778,3.37960498818885e-05,0.433945799827024,0.0005115869500652732,7.128693180956245e-05,0.8524547489326759,Benign,4112
0.3157894736842105,0.18582225932125015,,0.33394471061857134,0.8596466148001389,0.859073214981325,0.0005733998188138216,5.267728935066164e-05,0.4648402174232394,0.0005073357771159004,6.91009938647738e-05,0.717948717948718,Other,38
0.8335329341317366,0.04604103895418836,,0.02625351094200223,0.4882827832749782,0.4879289732278222,0.0003538100471560286,3.125966272902422e-05,0.3985204408394986,0.00041572648377482255,5.4473204328005347e-05,0.8397523360621848,Malignant_NonEpidermal,835
0.6613545816733067,0.09339287166076449,,0.13288766774998242,0.5613875047937141,0.5609561298295086,0.0004313749642056196,4.366945889232086e-05,0.4138157882917665,0.0005533162686432054,7.817613778945729e-05,0.7640680368532955,Malignant_Epidermal,251
