accuracy,brier_score,cross_entropy,ece,mean_predictive_entropy,mean_expected_entropy,mean_mutual_information,mean_variance,std_predictive_entropy,std_mutual_information,std_variance,auroc_confidence,group_value,group_size
0.9747899159663865,0.0257965470762425,0.0998712507084154,0.020920896174281133,0.11205127919423223,0.11202517006814146,2.6109126090785864e-05,5.9701013974912746e-06,0.17801937973234275,4.878373636180836e-05,1.6283220323629512e-05,0.867816091954023,IV,119
1.0,0.0016879049108237591,0.011751554754383704,0.010765033270570363,0.034463464624538115,0.03445461600089574,8.84862364237407e-06,1.4787399759151454e-06,0.09974282068603284,2.6737897144001746e-05,8.164943629193473e-06,,V,114
0.9908256880733946,0.009377891559884494,0.030258751899800724,0.014243023452218048,0.03686437223876675,0.03685292720939114,1.1445029375595035e-05,3.043177663056868e-06,0.11939015540253352,4.0142497486426176e-05,1.4968899723779476e-05,0.9722222222222222,VI,109
0.8897058823529411,0.07017562221811427,0.22089582464645702,0.05230104010000251,0.19822808654356242,0.19818613927164797,4.19472719144496e-05,1.131291226325636e-05,0.21984904918108175,6.513323976907942e-05,2.4007467839176503e-05,0.9157024793388431,I,136
0.9019607843137255,0.06977639003814082,0.22930799508355829,0.04377588404922951,0.2797367383017221,0.27967745954971807,5.927875200398045e-05,1.8255904306126543e-05,0.23306613904895682,8.490879372028352e-05,3.739370632711953e-05,0.8855652173913043,II,255
0.925,0.04190589731458422,0.1518547479136907,0.0705877801961774,0.20410601947440776,0.2040614970993171,4.452237509069505e-05,1.3416330583715069e-05,0.22397745290070675,7.305212303896086e-05,3.268069343908397e-05,0.9431306306306306,III,160
