accuracy,brier_score,cross_entropy,ece,mean_predictive_entropy,mean_expected_entropy,mean_mutual_information,mean_variance,std_predictive_entropy,std_mutual_information,std_variance,auroc_confidence,group_value,group_size
0.46853146853146854,0.4831882803604131,4.227633446688184,0.4706867264845759,0.14433050918095383,0.14022951276372714,0.00410099641722669,0.0013398433218785209,0.21478258288338048,0.009262809379143913,0.003806557836154262,0.4888237897172183,Indeterminate,3289
