accuracy,brier_score,cross_entropy,ece,mean_predictive_entropy,mean_expected_entropy,mean_mutual_information,mean_variance,std_predictive_entropy,std_mutual_information,std_variance,auroc_confidence,group_value,group_size
0.49686520376175547,0.38051946179642404,1.2986124020362573,0.3329183462456999,0.3784430008950036,0.3784430008950036,0.0,0.0,0.2234734093223705,0.0,0.0,0.5049087532061677,Anonymous,638
0.3620253164556962,0.5114205726541401,1.9347198736790636,0.49236833956063125,0.35210570447982287,0.35210570447982287,0.0,0.0,0.23619227040112312,0.0,0.0,0.38283938283938285,MILK Study,395
0.3248638838475499,0.5383309543455747,2.065417483661586,0.5225212677060087,0.34135131253946804,0.34135131253946804,0.0,0.0,0.23439157725259765,0.0,0.0,0.38528338439358445,Hospital Clínic Barcelona,1102
0.23424657534246576,0.646794326892649,2.7324082008425554,0.6482679019019846,0.27720814837210683,0.27720814837210683,0.0,0.0,0.23202695342971572,0.0,0.0,0.33082258418855726,Federal University of Espírito Santo,730
0.6612903225806451,0.25528167585731626,0.9696330724951732,0.24972120448834298,0.3103044847302948,0.3103044847302948,0.0,0.0,0.21819536066772896,0.0,0.0,0.5830429732868757,University of Queensland,62
0.4827586206896552,0.4012905970766681,1.8167447708417126,0.37759146767066026,0.32636257768027116,0.32636257768027116,0.0,0.0,0.2598207346875674,0.0,0.0,0.5095238095238095,Imperial College London,58
0.5,0.43741865079932174,1.9455474147111946,0.44569654888441523,0.3169975926912146,0.3169975926912146,0.0,0.0,0.24121149320186858,0.0,0.0,0.35538752362948955,Hospital Italiano Buenos Aires,46
0.7007874015748031,0.2083397538252465,0.6458732100837152,0.10833750252071353,0.41422849423707203,0.41422849423707203,0.0,0.0,0.22997978097736538,0.0,0.0,0.664030159668835,Memorial Sloan Kettering,254
0.5,0.2742618177101783,0.7424587399694007,0.063921257853508,0.684156836873928,0.684156836873928,0.0,0.0,0.005089155059671557,0.0,0.0,0.0,University Hospital Basel,2
