accuracy,brier_score,cross_entropy,ece,mean_predictive_entropy,mean_expected_entropy,mean_mutual_information,mean_variance,std_predictive_entropy,std_mutual_information,std_variance,auroc_confidence,group_value,group_size
0.31336405529953915,0.6244934463255042,2.9022750181496333,0.6028128850627051,0.25645223007832607,0.25645223007832607,0.0,0.0,0.23531679247373063,0.0,0.0,0.208251085669167,II,217
0.32407407407407407,0.5772445889247458,2.502950337666562,0.5711524524033393,0.2735413501071746,0.2735413501071746,0.0,0.0,0.2273101815507414,0.0,0.0,0.34442270058708413,III,108
0.2571428571428571,0.6621556091070461,2.947514593118328,0.6576111440147672,0.2947082353595809,0.2947082353595809,0.0,0.0,0.25114495210280996,0.0,0.0,0.13247863247863245,I,35
0.3076923076923077,0.6079728446121634,2.6342864819562233,0.6185691134932523,0.2062370823404503,0.2062370823404503,0.0,0.0,0.20430856089764043,0.0,0.0,0.4166666666666667,IV,13
0.0,0.8908722320719953,3.9026906420681513,0.942922015984853,0.19562858680921932,0.19562858680921932,0.0,0.0,0.13624376569117705,0.0,0.0,,V,3
