accuracy,brier_score,cross_entropy,ece,mean_predictive_entropy,mean_expected_entropy,mean_mutual_information,mean_variance,std_predictive_entropy,std_mutual_information,std_variance,auroc_confidence,group_value,group_size
0.11981566820276497,0.27792567970692506,,0.610516270679263,0.717252237583714,0.7168068617419056,0.00044537584180832647,4.066071879077014e-05,0.4257586293800172,0.000387862407649093,4.908066258859452e-05,0.5014095851792186,II,217
0.12037037037037036,0.26253735935161726,,0.5910773618353737,0.7538773970029056,0.7533550618635895,0.0005223351393160982,4.887114931775648e-05,0.42557486114735316,0.00046940437048758547,5.891555385606365e-05,0.6672064777327935,III,108
0.02857142857142857,0.2953785017777523,,0.6835032641887665,0.7318523200108723,0.7313672030411388,0.00048511696973370177,5.338098850042547e-05,0.3080486064683448,0.0002608006597539199,4.3399878381916576e-05,0.20588235294117652,I,35
0.07692307692307693,0.2649011749443331,,0.6241333773502937,0.977716738898551,0.9771561478398846,0.0005605910586664426,5.5363632333211297e-05,0.3102369407142644,0.0002778956470786729,4.219927085508009e-05,0.16666666666666663,IV,13
0.3333333333333333,0.23644996654229555,,0.626956041653951,0.9064976969398852,0.9061010397812835,0.00039665715860193185,4.360143425515828e-05,0.24077328171510032,0.0001348946213447245,2.7668900666551458e-05,0.0,V,3
