accuracy,brier_score,cross_entropy,ece,mean_predictive_entropy,mean_expected_entropy,mean_mutual_information,mean_variance,std_predictive_entropy,std_mutual_information,std_variance,auroc_confidence,group_value,group_size
0.8675572519083969,0.0934208053503476,0.2974498961512621,0.021413621564820587,0.25142375378554094,0.2513630132588288,6.0740526712160836e-05,1.938534665017123e-05,0.24820727755913205,9.602823160469036e-05,4.076523790770898e-05,0.8448659936023816,dermoscopic,5240
0.8794212218649518,0.08453605097705179,0.2831949513357314,0.034191146769624745,0.26779682229642143,0.26775301734613016,4.3804950291263156e-05,1.2654306487598937e-05,0.23125275253513813,5.241695436990664e-05,2.269924537700075e-05,0.8343936624009749,clinical: close-up,622
0.7758620689655172,0.18090285523518218,0.5761231231157996,0.1061274733137468,0.48753736344445453,0.4874598036390838,7.755980537062511e-05,2.928072904302731e-05,0.19203697362348765,7.309602560174104e-05,3.2905722239802e-05,0.5743589743589744,TBP tile: close-up,58
