accuracy,brier_score,cross_entropy,ece,mean_predictive_entropy,mean_expected_entropy,mean_mutual_information,mean_variance,std_predictive_entropy,std_mutual_information,std_variance,auroc_confidence,group_value,group_size
0.2304147465437788,0.7238476981956354,8.94145872272497,0.7376967274755016,0.08827473108154492,0.08558778513817104,0.0026869459433738804,0.0008486204792346408,0.1836002981206116,0.0074912619455061455,0.0030507013955540356,0.28083832335329345,II,217
0.3148148148148148,0.6525687928295286,8.277492194339615,0.6739420546987683,0.08859331688439889,0.08626000605057549,0.0023333108338234156,0.0007809250828833325,0.18487941555104076,0.0070885805407005405,0.00302809451164635,0.33187599364069953,III,108
0.2571428571428571,0.7003235551409074,9.547205207114747,0.7245503412151363,0.08988240702737367,0.08750777965905843,0.0023746273683152553,0.0007394109662472696,0.18155348079597458,0.005873649728683416,0.002370080430477532,0.32051282051282054,I,35
0.38461538461538464,0.5715245529722739,7.179481254504852,0.6321445839478911,0.19769654511546048,0.19164930283173487,0.006047242283725677,0.0024319029496460095,0.25907329444374166,0.011394511340001356,0.005040128676138316,0.32499999999999996,IV,13
0.0,0.9991065583476058,10.390061229321695,0.9995529850323995,0.003429096679197692,0.003376307136468375,5.2789542729316674e-05,1.4482916763353485e-07,0.004736148213431939,7.441345928292471e-05,2.048163577165228e-07,,V,3
