accuracy,brier_score,cross_entropy,ece,mean_predictive_entropy,mean_expected_entropy,mean_mutual_information,mean_variance,std_predictive_entropy,std_mutual_information,std_variance,auroc_confidence,group_value,group_size
0.8677494199535963,0.04647531990968482,0.8165537577578132,0.09663289227476188,0.11725374717154938,0.06329477681926855,0.053958970352280825,0.006599023621319804,0.23121778229886383,0.12192574112147482,0.016432260746757157,0.8328877005347592,contact non-polarized,431
0.9424083769633508,0.017502556227297968,0.2292371438526816,0.03778374298531752,0.07852976543372209,0.03917999317498441,0.039349772258737654,0.0052691537221821625,0.2015808363625223,0.11034315336025398,0.01567910219653112,0.9530303030303031,non-contact polarized,191
0.9431818181818182,0.019465162689822832,0.37120806722259125,0.039459680670539385,0.05240547291100303,0.029312989161216416,0.02309248374978662,0.0028191828395561203,0.16037846526147956,0.08779898862667895,0.011745033948231924,0.8989885467797114,contact polarized,792
