accuracy,brier_score,cross_entropy,ece,mean_predictive_entropy,mean_expected_entropy,mean_mutual_information,mean_variance,std_predictive_entropy,std_mutual_information,std_variance,auroc_confidence
0.8697635135135136,0.039851836251555625,0.42659318725180334,0.059154740861944215,0.17746111696864028,0.17746111696864028,0.0,0.0,0.2761236471647876,0.0,0.0,0.8676215320416567
