accuracy,brier_score,cross_entropy,ece,mean_predictive_entropy,mean_expected_entropy,mean_mutual_information,mean_variance,std_predictive_entropy,std_mutual_information,std_variance,auroc_confidence,group_value,group_size
0.8863109048723898,0.08008446951588208,0.2594807558640564,0.031751567547057755,0.20785498347287448,0.17208819775386988,0.03576678571900456,0.011854544303328468,0.24149085279649474,0.06256093873719787,0.024777335327340746,0.8675072123090074,contact non-polarized,431
0.9633507853403142,0.032727148449105285,0.11633104928625768,0.026606758262192727,0.10819795630735124,0.09075758030336417,0.01744037600398707,0.0055215324645888925,0.19598911185356727,0.04367390362305388,0.01582815862027666,0.9029503105590062,non-contact polarized,191
0.9659090909090909,0.028937896579528617,0.10107983952193915,0.012072342648145497,0.08954065398212042,0.07480578745136827,0.014734866530752145,0.004433643313418642,0.17871687279288576,0.04344937052588833,0.016392001431361984,0.922004357298475,contact polarized,792
