accuracy,brier_score,cross_entropy,ece,mean_predictive_entropy,mean_expected_entropy,mean_mutual_information,mean_variance,std_predictive_entropy,std_mutual_information,std_variance,auroc_confidence,group_value,group_size
0.9831932773109243,0.018389887858537957,0.08499056461892543,0.030675897495755073,0.05398439093774191,0.053984390937741905,8.770661263999485e-18,1.0487419803939976e-33,0.1485462080433953,3.932560942185751e-17,2.3029690229294275e-33,0.8974358974358974,IV,119
1.0,0.0003523874885032077,0.0026940059824418767,0.0024917947368907154,0.00848008375814448,0.008480083758144472,9.37004370279507e-18,8.649923128448243e-34,0.04909054170899261,3.0311984939075945e-17,2.1407466111873255e-33,,V,114
1.0,3.812301653373039e-05,0.0010513692587011938,0.0010316655997325563,0.004802611005159544,0.004802611005159546,-6.081934747964011e-19,6.221725562143045e-34,0.024880088694341065,2.6186755376578603e-17,1.8563350575425707e-33,,VI,109
0.9338235294117647,0.054916971183583116,0.27002759890717415,0.04976686663264964,0.09082727758520368,0.09082727758520366,8.898418235663724e-18,1.271691276755462e-33,0.17972815805567888,4.0307448674092265e-17,2.4907645300523083e-33,0.837270341207349,I,136
0.8941176470588236,0.0730293275829216,0.3054949826569262,0.05480914035839511,0.1495058722390593,0.1495058722390593,1.2564550417696442e-18,1.7476870176414543e-33,0.2117016254769152,4.796254476730072e-17,2.7712609457415203e-33,0.8568875893437295,II,255
0.96875,0.027646632400784688,0.09606903047932411,0.037110030631320415,0.09484875424400585,0.09484875424400585,1.068265852717989e-17,1.7050530985621667e-33,0.17445185758917656,4.782179315569915e-17,2.748238560595773e-33,0.9096774193548387,III,160
