accuracy,brier_score,cross_entropy,ece,mean_predictive_entropy,mean_expected_entropy,mean_mutual_information,mean_variance,std_predictive_entropy,std_mutual_information,std_variance,auroc_confidence
0.9273648648648649,0.05888095085894239,0.30322369612900035,0.04262864015233088,0.07109062685916187,0.04356967971911435,0.02752094714004752,0.008768052207835466,0.16937009442687467,0.08180318889842403,0.029450334759506,0.876935654678697
