accuracy,brier_score,cross_entropy,ece,mean_predictive_entropy,mean_expected_entropy,mean_mutual_information,mean_variance,std_predictive_entropy,std_mutual_information,std_variance,auroc_confidence,group_value,group_size
0.5807291666666666,0.356683532105329,2.2592084532507606,0.3463084667591463,0.17058524423953217,0.1656418212294508,0.004943423010081394,0.0016833144574618097,0.2326260399290989,0.010599628523954916,0.0043227971764594475,0.6291117733894103,contact non-polarized,384
0.609375,0.33163811600323084,2.6067973321809608,0.33016207262505287,0.16840363662764143,0.16380348464545533,0.0046001519821861105,0.0014727950414715337,0.22437389877575362,0.008595545016877464,0.003565096394602435,0.5544159544159544,contact polarized,192
0.5882352941176471,0.3825199473263746,2.9586236142532973,0.3740439064003717,0.14660672673286068,0.14257568715767993,0.004031039575180773,0.0013584673846542925,0.21541028212807592,0.009038918516751636,0.0035514400265924087,0.46171428571428574,non-contact polarized,85
