accuracy,brier_score,cross_entropy,ece,mean_predictive_entropy,mean_expected_entropy,mean_mutual_information,mean_variance,std_predictive_entropy,std_mutual_information,std_variance,auroc_confidence,group_value,group_size
0.03125,0.3593266836042587,,0.8726839082858835,0.2198320742863913,0.21200517184468923,0.007826902441702034,0.001076855446209513,0.2893329961028919,0.015789692510169685,0.0026132329700167926,0.652105734767025,contact non-polarized,384
0.07291666666666667,0.345540176796746,,0.8272866542761526,0.23650045254927976,0.22692523407836038,0.009575218470919366,0.0012589890119119338,0.28864503550125176,0.017566162163186974,0.0028240394726481285,0.35634028892455855,contact polarized,192
0.023529411764705882,0.3661551421664627,,0.885136181045981,0.20709641797406406,0.1993820593983475,0.007714358575716553,0.0010318070487532994,0.2961271656217656,0.013572370098601128,0.002330136417325469,0.4819277108433735,non-contact polarized,85
