accuracy,brier_score,cross_entropy,ece,mean_predictive_entropy,mean_expected_entropy,mean_mutual_information,mean_variance,std_predictive_entropy,std_mutual_information,std_variance,auroc_confidence,group_value,group_size
0.5306030603060305,0.42258848619543404,3.643412901448009,0.40753596469981795,0.14632958551244354,0.1420755208339852,0.004254064678458329,0.0013993053602349111,0.21707099543356406,0.009686958871139777,0.003970571883641853,0.5192059507342053,histopathology,2222
0.23539823008849559,0.7148837861267809,6.921671162919773,0.7129865955548582,0.12443678505294721,0.12081984323144329,0.0036169418215039016,0.001164320022110833,0.20080302531379451,0.00873055374352891,0.0035983524737701095,0.2882205513784461,single image expert consensus,565
0.3546099290780142,0.5872350406435329,3.6703778648237244,0.5914492423109732,0.17667926679883722,0.1730786673978259,0.0036005994010113503,0.001063064222548148,0.2210893002133983,0.006287375931372017,0.002604193974466138,0.4184615384615385,confocal microscopy with consensus dermoscopy,141
0.7291666666666666,0.2601112935310932,1.8349193099588514,0.2672494718994565,0.10192095883944723,0.10001328401236198,0.0019076748270852345,0.00048195461724481644,0.17264860066929946,0.00369733575727168,0.0012044096651779562,0.49890109890109885,single contributor clinical assessment,48
