accuracy,brier_score,cross_entropy,ece,mean_predictive_entropy,mean_expected_entropy,mean_mutual_information,mean_variance,std_predictive_entropy,std_mutual_information,std_variance,auroc_confidence,group_value,group_size
0.957983193277311,0.013195253209044995,,0.03841034329238059,0.07752732303200224,0.07752732303200224,0.0,0.0,0.21871286312977342,0.0,0.0,0.9017543859649122,IV,119
0.9912280701754386,0.00423725421361888,,0.013741942351324588,0.017617725609034414,0.017617725609034414,0.0,0.0,0.08725118059209835,0.0,0.0,0.9469026548672567,V,114
1.0,0.0001717152511565497,,0.002318410151595398,0.006984153701006191,0.006984153701006191,0.0,0.0,0.05033853357243284,0.0,0.0,,VI,109
0.8897058823529411,0.038013462079995196,0.4708529666090482,0.08955512524527665,0.1265711362296914,0.1265711362296914,0.0,0.0,0.229290625009147,0.0,0.0,0.8391184573002755,I,136
0.792156862745098,0.06879317315623637,0.8730543883051253,0.1197330660679761,0.23719483039702466,0.23719483039702466,0.0,0.0,0.28376042449744704,0.0,0.0,0.7399121987670465,II,255
0.9,0.028284734512136703,0.26848879882810683,0.05959494952112439,0.17605514089379007,0.17605514089379007,0.0,0.0,0.31603829277332757,0.0,0.0,0.9088541666666667,III,160
