accuracy,brier_score,cross_entropy,ece,mean_predictive_entropy,mean_expected_entropy,mean_mutual_information,mean_variance,std_predictive_entropy,std_mutual_information,std_variance,auroc_confidence
0.8679054054054054,0.09334439347080882,0.29868240822705316,0.019504516502453224,0.2554573074973627,0.25539818156699706,5.912593036560552e-05,1.877508063626341e-05,0.24712056786041142,9.237709500739004e-05,3.925574997919693e-05,0.8419168046320531
