accuracy,brier_score,cross_entropy,ece,mean_predictive_entropy,mean_expected_entropy,mean_mutual_information,mean_variance,std_predictive_entropy,std_mutual_information,std_variance,auroc_confidence,group_value,group_size
0.9345419847328245,0.056977180252709515,0.36177056304425126,0.05102840976981448,0.0357424516797571,0.034785948023336115,0.0009565036564209887,0.00030330246315294913,0.12028713562357778,0.004831477664499189,0.0019391177114091783,0.8886773064487034,dermoscopic,5240
0.887459807073955,0.09968340740742909,0.5677132208169761,0.09459515943710708,0.055434008565833616,0.05427051389438338,0.001163494671450224,0.0003650425601027755,0.14796588424273682,0.004753187384948196,0.001803966959612878,0.8467261904761905,clinical: close-up,622
0.6551724137931034,0.29686255923385513,1.649308644447328,0.2779549145937886,0.17450756018198177,0.16979362877467985,0.004713931407301867,0.0016016114944343894,0.24708476484343048,0.008661243415987853,0.003513190887919751,0.6894736842105263,TBP tile: close-up,58
