accuracy,brier_score,cross_entropy,ece,mean_predictive_entropy,mean_expected_entropy,mean_mutual_information,mean_variance,std_predictive_entropy,std_mutual_information,std_variance,auroc_confidence,group_value,group_size
0.021542438604049977,0.3669958943670507,,0.8941071103906796,0.20385656526607,0.19695837482173292,0.006898190444337045,0.000886537629067631,0.272948603257931,0.013851423918455445,0.002192886785360906,0.4195068251871422,dermoscopic,2321
0.00819672131147541,0.37344973497781225,,0.9138197914568547,0.1939331521421111,0.18710071077400212,0.006832441368108955,0.0008479648380748855,0.2717640458619184,0.014052027290822389,0.0021576138807939526,0.5144206442907742,clinical: close-up,854
0.017543859649122806,0.3642436551593408,,0.8936382644009171,0.22331319383736667,0.2174833420460902,0.00582985179127648,0.0006792988495889601,0.30415785711542837,0.01027746036991887,0.001566046783426295,0.5982142857142857,TBP tile: close-up,114
