accuracy,brier_score,cross_entropy,ece,mean_predictive_entropy,mean_expected_entropy,mean_mutual_information,mean_variance,std_predictive_entropy,std_mutual_information,std_variance,auroc_confidence,group_value,group_size
0.06451612903225806,0.32877124447601513,,0.7762701427606943,0.42254481728121607,0.42254481728121607,0.0,0.0,0.3495837738938154,0.0,0.0,0.43596059113300484,II,217
0.046296296296296294,0.34062533675493933,,0.8103128243927602,0.392578133801484,0.392578133801484,0.0,0.0,0.32471494532973033,0.0,0.0,0.41165048543689325,III,108
0.05714285714285714,0.3386303937465268,,0.8016915644918169,0.3727684682605759,0.3727684682605759,0.0,0.0,0.2935876813562685,0.0,0.0,0.36363636363636365,I,35
0.0,0.35549155781892033,,0.8457079529762268,0.37684791280007707,0.37684791280007707,0.0,0.0,0.31035889896572627,0.0,0.0,,IV,13
0.0,0.3746991987839106,,0.9247962633768717,0.23697363906645805,0.23697363906645805,0.0,0.0,0.25898409328822203,0.0,0.0,,V,3
