accuracy,brier_score,cross_entropy,ece,mean_predictive_entropy,mean_expected_entropy,mean_mutual_information,mean_variance,std_predictive_entropy,std_mutual_information,std_variance,auroc_confidence,group_value,group_size
0.9663865546218487,0.012425422772761811,,0.03343763782196694,0.012676891583995929,0.01188877450149599,0.0007881170824999403,8.508827670945973e-05,0.061365941246244976,0.005871472143833731,0.0007580114640110454,0.9717391304347827,IV,119
0.9912280701754386,0.0036052935585429856,,0.010195214288276697,0.004274442700510674,0.004185770961625451,8.867173888522261e-05,9.511150730341206e-06,0.04208740507262004,0.0009092174676016057,0.00010109228728808547,0.7345132743362832,V,114
0.9908256880733946,0.002166085237575283,,0.007112403200306944,0.005442941074360223,0.005270477747356004,0.00017246332700421923,2.3394567746941335e-05,0.05163957647714643,0.0017414576190877278,0.00024302091836773775,1.0,VI,109
0.8823529411764706,0.039553921777385696,0.7668179325317181,0.09370475323761228,0.05945667275316073,0.05792657768417593,0.0015300950689847857,0.0001826315866700174,0.16268946604047957,0.005198911411177595,0.0007116387975743738,0.8776041666666666,I,136
0.792156862745098,0.07629388825241512,1.6910669278637582,0.1899580664260715,0.07721841669396529,0.07453373712233885,0.0026846795716264187,0.0003812718190861767,0.18633781476038805,0.00885398907509452,0.0014964985252399583,0.7765738838034746,II,255
0.9125,0.031416305497706985,0.5689069852063823,0.06770096722990285,0.05088892337208194,0.04937088761948023,0.0015180357526017034,0.00017556582038127,0.15011113394825154,0.00589643750348967,0.000848350902114947,0.8767123287671232,III,160
