accuracy,brier_score,cross_entropy,ece,mean_predictive_entropy,mean_expected_entropy,mean_mutual_information,mean_variance,std_predictive_entropy,std_mutual_information,std_variance,auroc_confidence
0.8763513513513513,0.038725630899005714,0.43883250717734856,0.045658678669068156,0.20364790330244614,0.20364790330244614,1.6381308788038073e-18,7.862882518948112e-34,0.28737282098244454,5.0502171332438724e-17,1.1378355798316113e-33,0.8456685720725845
